fidx,alpha,embedding,kernel_index,kernel_id,dilation,threshold,triplet_str,kernel_str
0,0.002096309,0.41579667,64,K64,128,-0.016008767,3|4|5,"[-1,-1,-1,2,2,2,-1,-1,-1]"
1,2.31E-05,0.79174984,30,K30,96,0.340459748,1|2|5,"[-1,2,2,-1,-1,2,-1,-1,-1]"
2,0.001213878,0.4368183,55,K55,16,-0.419110681,2|4|6,"[-1,-1,2,-1,2,-1,2,-1,-1]"
3,0.000116189,0.5065531,16,K16,4,-0.043947533,0|3|7,"[2,-1,-1,2,-1,-1,-1,2,-1]"
4,-0.000900579,0.662398,79,K79,8,-0.308347898,4|7|8,"[-1,-1,-1,-1,2,-1,-1,2,2]"
5,0.001259906,0.3922333,7,K07,96,-0.026491855,0|2|3,"[2,-1,2,2,-1,-1,-1,-1,-1]"
6,-0.000137537,0.56963795,22,K22,2,0.1178824,0|5|6,"[2,-1,-1,-1,-1,2,2,-1,-1]"
7,-1.37E-05,0.068948135,54,K54,192,-0.408813493,2|4|5,"[-1,-1,2,-1,2,2,-1,-1,-1]"
8,0.000581266,0.4703164,1,K01,192,0.055114282,0|1|3,"[2,2,-1,2,-1,-1,-1,-1,-1]"
9,-0.000846348,0.63163626,38,K38,8,0.056533086,1|3|8,"[-1,2,-1,2,-1,-1,-1,-1,2]"
10,3.41E-05,0.15842742,12,K12,64,-0.158048926,0|2|8,"[2,-1,2,-1,-1,-1,-1,-1,2]"
11,-2.57E-05,0.527728,82,K82,96,-0.033186433,5|7|8,"[-1,-1,-1,-1,-1,2,-1,2,2]"
12,-0.001603472,0.9970248,27,K27,256,0.254399704,0|7|8,"[2,-1,-1,-1,-1,-1,-1,2,2]"
13,0.001551255,0.39117223,71,K71,32,0.064398125,3|6|7,"[-1,-1,-1,2,-1,-1,2,2,-1]"
14,-0.000509777,0.5805735,26,K26,128,0.388227827,0|6|8,"[2,-1,-1,-1,-1,-1,2,-1,2]"
15,-0.000524465,0.20207682,70,K70,96,-0.271216477,3|5|8,"[-1,-1,-1,2,-1,2,-1,-1,2]"
16,9.69E-05,0.50035024,4,K04,48,-0.32154629,0|1|6,"[2,2,-1,-1,-1,-1,2,-1,-1]"
17,-0.000143777,0.63028026,4,K04,2,0.28065029,0|1|6,"[2,2,-1,-1,-1,-1,2,-1,-1]"
18,0.000361364,0.44962442,22,K22,192,-0.342482087,0|5|6,"[2,-1,-1,-1,-1,2,2,-1,-1]"
19,1.00E-05,0.5264826,46,K46,1,0.286225516,1|6|7,"[-1,2,-1,-1,-1,-1,2,2,-1]"
20,-0.000563615,0.30733547,13,K13,32,-0.016306671,0|3|4,"[2,-1,-1,2,2,-1,-1,-1,-1]"
21,4.56E-05,0.49056846,51,K51,48,0.152714836,2|3|6,"[-1,-1,2,2,-1,-1,2,-1,-1]"
22,-4.51E-05,0.56917465,43,K43,48,-0.096669861,1|5|6,"[-1,2,-1,-1,-1,2,2,-1,-1]"
23,-4.30E-05,0.43436968,4,K04,48,0.244428857,0|1|6,"[2,2,-1,-1,-1,-1,2,-1,-1]"
24,9.84E-05,0.50580925,28,K28,16,0.316711194,1|2|3,"[-1,2,2,2,-1,-1,-1,-1,-1]"
25,0.000239392,0.57744235,40,K40,1,0.287526805,1|4|6,"[-1,2,-1,-1,2,-1,2,-1,-1]"
26,-0.000145735,0.44349736,76,K76,64,0.112242273,4|5|8,"[-1,-1,-1,-1,2,2,-1,-1,2]"
27,0.00161663,0.6225622,27,K27,48,-0.332541483,0|7|8,"[2,-1,-1,-1,-1,-1,-1,2,2]"
28,0.002742194,0.10606238,27,K27,8,0.230100905,0|7|8,"[2,-1,-1,-1,-1,-1,-1,2,2]"
29,0.000326074,0.48686448,18,K18,48,0.019282086,0|4|5,"[2,-1,-1,-1,2,2,-1,-1,-1]"
30,-0.000699874,0.64888483,39,K39,1,0.31831457,1|4|5,"[-1,2,-1,-1,2,2,-1,-1,-1]"
31,0.000586928,0.40020448,66,K66,2,-0.376107289,3|4|7,"[-1,-1,-1,2,2,-1,-1,2,-1]"
32,1.34E-05,0.5276719,29,K29,1,0.10446832,1|2|4,"[-1,2,2,-1,2,-1,-1,-1,-1]"
33,-0.000963824,0.9995115,35,K35,64,-0.112140319,1|3|5,"[-1,2,-1,2,-1,2,-1,-1,-1]"
34,0.000956565,0.42270043,53,K53,128,-0.011259078,2|3|8,"[-1,-1,2,2,-1,-1,-1,-1,2]"
35,-0.000436472,0.59531814,8,K08,4,0.211245821,0|2|4,"[2,-1,2,-1,2,-1,-1,-1,-1]"
36,0.000113636,0.37165466,49,K49,4,0.199178139,2|3|4,"[-1,-1,2,2,2,-1,-1,-1,-1]"
37,7.05E-05,0.5021198,31,K31,256,0.347435926,1|2|6,"[-1,2,2,-1,-1,-1,2,-1,-1]"
38,3.95E-05,0.5492007,49,K49,8,0.11309492,2|3|4,"[-1,-1,2,2,2,-1,-1,-1,-1]"
39,0.000198978,0.4753787,76,K76,48,0.1339163,4|5|8,"[-1,-1,-1,-1,2,2,-1,-1,2]"
40,1.73E-05,0.5416127,18,K18,192,0.078614419,0|4|5,"[2,-1,-1,-1,2,2,-1,-1,-1]"
41,3.16E-05,0.44128427,32,K32,16,-0.280130019,1|2|7,"[-1,2,2,-1,-1,-1,-1,2,-1]"
42,6.09E-05,0.49021843,33,K33,2,0.264343791,1|2|8,"[-1,2,2,-1,-1,-1,-1,-1,2]"
43,3.93E-05,0.5223748,15,K15,32,-0.199611319,0|3|6,"[2,-1,-1,2,-1,-1,2,-1,-1]"
44,-1.60E-05,0.44780204,32,K32,2,-0.124850275,1|2|7,"[-1,2,2,-1,-1,-1,-1,2,-1]"
45,0.000171806,0.5207826,5,K05,32,0.107656557,0|1|7,"[2,2,-1,-1,-1,-1,-1,2,-1]"
46,-0.000169766,0.74314356,20,K20,192,-0.163896029,0|4|7,"[2,-1,-1,-1,2,-1,-1,2,-1]"
47,-0.00017981,0.45261487,43,K43,32,-0.112283804,1|5|6,"[-1,2,-1,-1,-1,2,2,-1,-1]"
48,0.000654031,0.5432577,36,K36,64,-0.609499789,1|3|6,"[-1,2,-1,2,-1,-1,2,-1,-1]"
49,0.002166962,0.28138325,56,K56,96,-0.215792168,2|4|7,"[-1,-1,2,-1,2,-1,-1,2,-1]"
50,0.000110634,0.5009728,76,K76,48,-0.275616708,4|5|8,"[-1,-1,-1,-1,2,2,-1,-1,2]"
51,-0.00015209,0.59613746,34,K34,128,-0.158287966,1|3|4,"[-1,2,-1,2,2,-1,-1,-1,-1]"
52,4.43E-05,0.480721,82,K82,64,0.126617459,5|7|8,"[-1,-1,-1,-1,-1,2,-1,2,2]"
53,5.79E-05,0.51071966,71,K71,32,-0.07278787,3|6|7,"[-1,-1,-1,2,-1,-1,2,2,-1]"
54,-0.001200124,0.000729474,27,K27,48,-0.0401463,0|7|8,"[2,-1,-1,-1,-1,-1,-1,2,2]"
55,4.78E-05,0.48577484,44,K44,192,0.020262247,1|5|7,"[-1,2,-1,-1,-1,2,-1,2,-1]"
56,5.13E-05,0.5809878,56,K56,64,0.242469566,2|4|7,"[-1,-1,2,-1,2,-1,-1,2,-1]"
57,-0.000120829,0.44553337,66,K66,128,0.260309167,3|4|7,"[-1,-1,-1,2,2,-1,-1,2,-1]"
58,8.07E-05,0.50762486,26,K26,16,0.099439789,0|6|8,"[2,-1,-1,-1,-1,-1,2,-1,2]"
59,0.000280429,0.59224653,47,K47,256,-0.062106357,1|6|8,"[-1,2,-1,-1,-1,-1,2,-1,2]"
60,-0.000370115,0.4252497,73,K73,8,0.215400227,3|7|8,"[-1,-1,-1,2,-1,-1,-1,2,2]"
61,0.000916828,0.6891129,49,K49,64,-0.072985205,2|3|4,"[-1,-1,2,2,2,-1,-1,-1,-1]"
62,-0.000120118,1.55E-10,82,K82,96,-0.044532305,5|7|8,"[-1,-1,-1,-1,-1,2,-1,2,2]"
63,-9.99E-05,0.47422466,34,K34,64,0.074785044,1|3|4,"[-1,2,-1,2,2,-1,-1,-1,-1]"
64,0.000114664,0.5589855,52,K52,128,-0.118608951,2|3|7,"[-1,-1,2,2,-1,-1,-1,2,-1]"
65,-8.75E-06,0.45154724,9,K09,2,-0.266275364,0|2|5,"[2,-1,2,-1,-1,2,-1,-1,-1]"
66,0.000300876,0.54696697,21,K21,4,-0.299657455,0|4|8,"[2,-1,-1,-1,2,-1,-1,-1,2]"
67,-0.000549909,0.9999975,59,K59,2,-0.07220744,2|5|7,"[-1,-1,2,-1,-1,2,-1,2,-1]"
68,-8.95E-05,0.44672891,3,K03,1,0.054674392,0|1|5,"[2,2,-1,-1,-1,2,-1,-1,-1]"
69,0.000902905,0.6257457,72,K72,192,0.159272447,3|6|8,"[-1,-1,-1,2,-1,-1,2,-1,2]"
70,-0.001683822,0.27749172,34,K34,2,-0.185551662,1|3|4,"[-1,2,-1,2,2,-1,-1,-1,-1]"
71,0.000179062,0.50045323,60,K60,48,0.057387904,2|5|8,"[-1,-1,2,-1,-1,2,-1,-1,2]"
72,-0.004165825,0.98366815,68,K68,64,0.013692881,3|5|6,"[-1,-1,-1,2,-1,2,2,-1,-1]"
73,-0.001546368,0.20778802,35,K35,128,-0.101094087,1|3|5,"[-1,2,-1,2,-1,2,-1,-1,-1]"
74,0.000917153,0.5765862,24,K24,16,0.621448301,0|5|8,"[2,-1,-1,-1,-1,2,-1,-1,2]"
75,-0.001610684,0.002378424,7,K07,96,-0.169180712,0|2|3,"[2,-1,2,2,-1,-1,-1,-1,-1]"
76,-0.000672759,0.40635732,9,K09,192,-0.191878187,0|2|5,"[2,-1,2,-1,-1,2,-1,-1,-1]"
77,0.001092119,0.56410193,15,K15,256,0.045699848,0|3|6,"[2,-1,-1,2,-1,-1,2,-1,-1]"
78,-0.001114147,0.3244212,0,K00,1,0.388988423,0|1|2,"[2,2,2,-1,-1,-1,-1,-1,-1]"
79,0.00068053,0.52853495,46,K46,8,-0.073939957,1|6|7,"[-1,2,-1,-1,-1,-1,2,2,-1]"
80,0.005361848,0.741489,51,K51,8,0.340199275,2|3|6,"[-1,-1,2,2,-1,-1,2,-1,-1]"
81,-0.000770975,0.29462087,55,K55,96,-0.229306607,2|4|6,"[-1,-1,2,-1,2,-1,2,-1,-1]"
82,0.004104602,0.6601114,57,K57,2,-0.078061432,2|4|8,"[-1,-1,2,-1,2,-1,-1,-1,2]"
83,-0.002810508,0.064219646,2,K02,96,-0.027838073,0|1|4,"[2,2,-1,-1,2,-1,-1,-1,-1]"
84,0.001050438,0.45981795,35,K35,64,-0.04269507,1|3|5,"[-1,2,-1,2,-1,2,-1,-1,-1]"
85,-0.003021646,0.7953455,79,K79,1,0.03296579,4|7|8,"[-1,-1,-1,-1,2,-1,-1,2,2]"
86,-0.000415646,0.0829165,46,K46,16,-0.002780075,1|6|7,"[-1,2,-1,-1,-1,-1,2,2,-1]"
87,-0.001038734,0.58389825,60,K60,96,-0.026044575,2|5|8,"[-1,-1,2,-1,-1,2,-1,-1,2]"
88,-0.000153598,1,17,K17,192,-0.215546083,0|3|8,"[2,-1,-1,2,-1,-1,-1,-1,2]"
89,0.000906347,0.45919582,60,K60,2,0.145943776,2|5|8,"[-1,-1,2,-1,-1,2,-1,-1,2]"
90,0.003021194,0.7953802,59,K59,4,0.039369243,2|5|7,"[-1,-1,2,-1,-1,2,-1,2,-1]"
91,0.004674899,0.28749955,83,K83,16,0.08887362,6|7|8,"[-1,-1,-1,-1,-1,-1,2,2,2]"
92,4.26E-05,0.504437,1,K01,48,0.317491285,0|1|3,"[2,2,-1,2,-1,-1,-1,-1,-1]"
93,-0.004926637,0.9511189,52,K52,4,0.155849786,2|3|7,"[-1,-1,2,2,-1,-1,-1,2,-1]"
94,0.001152127,0.3932947,64,K64,64,0.093093279,3|4|5,"[-1,-1,-1,2,2,2,-1,-1,-1]"
95,-0.002132512,0.83157504,41,K41,1,0.377568747,1|4|7,"[-1,2,-1,-1,2,-1,-1,2,-1]"
96,0.002437848,0.10169806,15,K15,64,-0.068493495,0|3|6,"[2,-1,-1,2,-1,-1,2,-1,-1]"
97,0.001371258,0.41133752,18,K18,4,-0.337828104,0|4|5,"[2,-1,-1,-1,2,2,-1,-1,-1]"
98,-0.001166774,0.61283374,30,K30,2,-0.099510676,1|2|5,"[-1,2,2,-1,-1,2,-1,-1,-1]"
99,0.000449572,0.31766573,57,K57,48,-0.256087334,2|4|8,"[-1,-1,2,-1,2,-1,-1,-1,2]"
100,-0.000702894,0.6106074,73,K73,256,-0.021195448,3|7|8,"[-1,-1,-1,2,-1,-1,-1,2,2]"
101,0.00085859,0.7994978,58,K58,128,-0.017136875,2|5|6,"[-1,-1,2,-1,-1,2,2,-1,-1]"
102,0.000296573,0.46340755,36,K36,16,0.022832247,1|3|6,"[-1,2,-1,2,-1,-1,2,-1,-1]"
103,-0.000487799,0.63963896,80,K80,48,0.107077699,5|6|7,"[-1,-1,-1,-1,-1,2,2,2,-1]"
104,8.33E-05,0.33580023,29,K29,48,0.189541255,1|2|4,"[-1,2,2,-1,2,-1,-1,-1,-1]"
105,5.31E-05,0.49462727,78,K78,192,0.142343407,4|6|8,"[-1,-1,-1,-1,2,-1,2,-1,2]"
106,0.000108156,0.58516204,42,K42,96,0.074559845,1|4|8,"[-1,2,-1,-1,2,-1,-1,-1,2]"
107,8.86E-05,0.4476933,41,K41,4,-0.033975578,1|4|7,"[-1,2,-1,-1,2,-1,-1,2,-1]"
108,0.000711437,0.5554443,74,K74,256,-0.080852061,4|5|6,"[-1,-1,-1,-1,2,2,2,-1,-1]"
109,0.001063814,0.09512399,71,K71,2,0.031789924,3|6|7,"[-1,-1,-1,2,-1,-1,2,2,-1]"
110,-0.000259952,0.4506607,12,K12,8,-0.026911743,0|2|8,"[2,-1,2,-1,-1,-1,-1,-1,2]"
111,0.009337462,0.80735296,80,K80,128,-0.224581256,5|6|7,"[-1,-1,-1,-1,-1,2,2,2,-1]"
112,0.001585092,0.07823006,13,K13,192,-0.066002103,0|3|4,"[2,-1,-1,2,2,-1,-1,-1,-1]"
113,-0.00021573,0.5279939,35,K35,8,0.197395129,1|3|5,"[-1,2,-1,2,-1,2,-1,-1,-1]"
114,2.92E-05,1,49,K49,4,0.043691748,2|3|4,"[-1,-1,2,2,2,-1,-1,-1,-1]"
115,0.00052859,0.4585619,50,K50,4,-0.166732877,2|3|5,"[-1,-1,2,2,-1,2,-1,-1,-1]"
116,-0.000459543,0.62316495,69,K69,1,0.086379233,3|5|7,"[-1,-1,-1,2,-1,2,-1,2,-1]"
117,0.003958632,0.2666697,49,K49,2,0.179443515,2|3|4,"[-1,-1,2,2,2,-1,-1,-1,-1]"
118,0.000508434,0.4821569,32,K32,2,-0.224695214,1|2|7,"[-1,2,2,-1,-1,-1,-1,2,-1]"
119,-0.002258808,0.81868166,40,K40,2,0.425003828,1|4|6,"[-1,2,-1,-1,2,-1,2,-1,-1]"
120,-0.000109009,0.18851094,75,K75,32,0.303131872,4|5|7,"[-1,-1,-1,-1,2,2,-1,2,-1]"
121,4.27E-06,0.5349605,39,K39,96,-0.003827264,1|4|5,"[-1,2,-1,-1,2,2,-1,-1,-1]"
122,0.001140604,0.86257213,56,K56,16,0.297850201,2|4|7,"[-1,-1,2,-1,2,-1,-1,2,-1]"
123,0.000478373,0.4660573,18,K18,2,0.096333541,0|4|5,"[2,-1,-1,-1,2,2,-1,-1,-1]"
124,-0.000174128,0.564066,0,K00,32,0.184431176,0|1|2,"[2,2,2,-1,-1,-1,-1,-1,-1]"
125,3.14E-05,0.46603408,15,K15,128,-0.171668539,0|3|6,"[2,-1,-1,2,-1,-1,2,-1,-1]"
126,0.000100377,0.5010364,3,K03,2,-0.078229982,0|1|5,"[2,2,-1,-1,-1,2,-1,-1,-1]"
127,-0.003037066,0.94163996,25,K25,48,-0.018113155,0|6|7,"[2,-1,-1,-1,-1,-1,2,2,-1]"
128,-0.000202291,0.42139468,19,K19,1,0.012655831,0|4|6,"[2,-1,-1,-1,2,-1,2,-1,-1]"
129,0.000558868,0.5751218,49,K49,1,-0.078892499,2|3|4,"[-1,-1,2,2,2,-1,-1,-1,-1]"
130,-0.003512631,0.010908857,71,K71,1,-0.337433539,3|6|7,"[-1,-1,-1,2,-1,-1,2,2,-1]"
131,-0.000201842,0.46511745,55,K55,32,-0.227021094,2|4|6,"[-1,-1,2,-1,2,-1,2,-1,-1]"
132,-0.00038006,0.9348653,57,K57,32,0.13552344,2|4|8,"[-1,-1,2,-1,2,-1,-1,-1,2]"
133,0.006922315,0.25858393,68,K68,8,-0.061318433,3|5|6,"[-1,-1,-1,2,-1,2,2,-1,-1]"
134,-0.000283944,0.56524724,50,K50,128,0.424541943,2|3|5,"[-1,-1,2,2,-1,2,-1,-1,-1]"
135,-0.002300948,0.93720573,24,K24,48,0.348499726,0|5|8,"[2,-1,-1,-1,-1,2,-1,-1,2]"
136,7.76E-05,0.4460452,1,K01,256,-0.023680357,0|1|3,"[2,2,-1,2,-1,-1,-1,-1,-1]"
137,0.000267427,0.53993607,43,K43,256,0.076359103,1|5|6,"[-1,2,-1,-1,-1,2,2,-1,-1]"
138,0.005729239,0.17622498,13,K13,256,-0.402121251,0|3|4,"[2,-1,-1,2,2,-1,-1,-1,-1]"
139,8.30E-05,0.4958789,38,K38,64,0.192593174,1|3|8,"[-1,2,-1,2,-1,-1,-1,-1,2]"
140,0.000357401,0.5745144,22,K22,16,0.286766675,0|5|6,"[2,-1,-1,-1,-1,2,2,-1,-1]"
141,-0.000310984,0.41506678,14,K14,256,-0.152753552,0|3|5,"[2,-1,-1,2,-1,2,-1,-1,-1]"
142,0.000405354,0.5587656,75,K75,48,-0.155541171,4|5|7,"[-1,-1,-1,-1,2,2,-1,2,-1]"
143,-0.002949972,0.006458927,82,K82,96,-0.107231665,5|7|8,"[-1,-1,-1,-1,-1,2,-1,2,2]"
144,-8.04E-05,0.47917566,10,K10,128,0.197001953,0|2|6,"[2,-1,2,-1,-1,-1,2,-1,-1]"
145,0.001338429,0.61758626,28,K28,128,0.269649975,1|2|3,"[-1,2,2,2,-1,-1,-1,-1,-1]"
146,-0.002638446,0.28404576,63,K63,192,-0.204057111,2|7|8,"[-1,-1,2,-1,-1,-1,-1,2,2]"
147,0.000430984,0.5235568,58,K58,128,-0.063797922,2|5|6,"[-1,-1,2,-1,-1,2,2,-1,-1]"
148,-0.000974812,0.9985105,49,K49,256,0.150078528,2|3|4,"[-1,-1,2,2,2,-1,-1,-1,-1]"
149,0.000880011,0.36325005,58,K58,16,0.076631215,2|5|6,"[-1,-1,2,-1,-1,2,2,-1,-1]"
150,0.000504325,0.53380054,28,K28,96,-0.044182315,1|2|3,"[-1,2,2,2,-1,-1,-1,-1,-1]"
151,-0.003463742,0.118615136,64,K64,48,0.146880356,3|4|5,"[-1,-1,-1,2,2,2,-1,-1,-1]"
152,-2.40E-05,0.47901163,81,K81,1,-0.185445166,5|6|8,"[-1,-1,-1,-1,-1,2,2,-1,2]"
153,0.001421988,0.5932112,70,K70,16,-0.321087157,3|5|8,"[-1,-1,-1,2,-1,2,-1,-1,2]"
154,-0.002447847,0.26228872,6,K06,16,0.170045157,0|1|8,"[2,2,-1,-1,-1,-1,-1,-1,2]"
155,0.000705534,0.5341414,79,K79,192,0.19849125,4|7|8,"[-1,-1,-1,-1,2,-1,-1,2,2]"
156,-0.004008549,0.96748906,34,K34,16,0.333978333,1|3|4,"[-1,2,-1,2,2,-1,-1,-1,-1]"
157,-0.003269517,0.27353555,26,K26,192,-0.043615639,0|6|8,"[2,-1,-1,-1,-1,-1,2,-1,2]"
158,0.006609888,0.7322996,83,K83,8,-0.167691387,6|7|8,"[-1,-1,-1,-1,-1,-1,2,2,2]"
159,-0.001198703,0.20437779,56,K56,64,0.045352218,2|4|7,"[-1,-1,2,-1,2,-1,-1,2,-1]"
160,0.000325324,0.5075203,73,K73,8,0.010514897,3|7|8,"[-1,-1,-1,2,-1,-1,-1,2,2]"
161,0.005587125,0.76574063,26,K26,48,0.044403913,0|6|8,"[2,-1,-1,-1,-1,-1,2,-1,2]"
162,-0.001989341,0.35085082,30,K30,1,0.010285528,1|2|5,"[-1,2,2,-1,-1,2,-1,-1,-1]"
163,0.00219596,0.60403526,25,K25,8,0.339953147,0|6|7,"[2,-1,-1,-1,-1,-1,2,2,-1]"
164,-0.003202439,0.010422284,60,K60,64,0.100512954,2|5|8,"[-1,-1,2,-1,-1,2,-1,-1,2]"
165,-0.000266772,0.477553,66,K66,16,0.342587232,3|4|7,"[-1,-1,-1,2,2,-1,-1,2,-1]"
166,0.004004937,0.66207725,63,K63,256,-0.135396941,2|7|8,"[-1,-1,2,-1,-1,-1,-1,2,2]"
167,-0.001863928,0.36330944,62,K62,4,-0.206013344,2|6|8,"[-1,-1,2,-1,-1,-1,2,-1,2]"
168,-0.000197209,0.51920694,48,K48,4,0.242943424,1|7|8,"[-1,2,-1,-1,-1,-1,-1,2,2]"
169,-0.005442026,0.98240626,61,K61,64,-0.25421766,2|6|7,"[-1,-1,2,-1,-1,-1,2,2,-1]"
170,-0.001235218,0.30864286,10,K10,192,-0.240501926,0|2|6,"[2,-1,2,-1,-1,-1,2,-1,-1]"
171,-0.006441463,0.95513695,10,K10,2,-0.237051894,0|2|6,"[2,-1,2,-1,-1,-1,2,-1,-1]"
172,-0.004566166,0.037071567,65,K65,4,-0.403797978,3|4|6,"[-1,-1,-1,2,2,-1,2,-1,-1]"
173,0.00063637,0.46817523,81,K81,4,0.134988194,5|6|8,"[-1,-1,-1,-1,-1,2,2,-1,2]"
174,9.65E-05,0.78891796,3,K03,16,0.417792369,0|1|5,"[2,2,-1,-1,-1,2,-1,-1,-1]"
175,0.000558121,0.33157218,52,K52,96,0.157551085,2|3|7,"[-1,-1,2,2,-1,-1,-1,2,-1]"
176,-0.000446003,0.54732704,56,K56,192,0.21980971,2|4|7,"[-1,-1,2,-1,2,-1,-1,2,-1]"
177,-0.002445279,0.99910116,39,K39,48,-0.055683613,1|4|5,"[-1,2,-1,-1,2,2,-1,-1,-1]"
178,0.000292806,0.27691543,28,K28,96,-0.200050318,1|2|3,"[-1,2,2,2,-1,-1,-1,-1,-1]"
179,-0.001304957,0.62875587,76,K76,64,0.149162088,4|5|8,"[-1,-1,-1,-1,2,2,-1,-1,2]"
180,-0.000328177,1.06E-14,78,K78,32,-0.247318613,4|6|8,"[-1,-1,-1,-1,2,-1,2,-1,2]"
181,9.90E-06,0.51580787,9,K09,1,-0.335715639,0|2|5,"[2,-1,2,-1,-1,2,-1,-1,-1]"
182,-0.002719669,0.77751815,79,K79,1,-0.179819109,4|7|8,"[-1,-1,-1,-1,2,-1,-1,2,2]"
183,-0.003036228,0.109091826,25,K25,16,0.268161756,0|6|7,"[2,-1,-1,-1,-1,-1,2,2,-1]"
184,-0.000462651,0.6798549,12,K12,32,0.10784146,0|2|8,"[2,-1,2,-1,-1,-1,-1,-1,2]"
185,-0.003674003,0.049087543,12,K12,256,-0.038933241,0|2|8,"[2,-1,2,-1,-1,-1,-1,-1,2]"
186,0.000673369,0.42416042,36,K36,64,-0.23453136,1|3|6,"[-1,2,-1,2,-1,-1,2,-1,-1]"
187,0.000444224,0.58750015,27,K27,32,-0.20492674,0|7|8,"[2,-1,-1,-1,-1,-1,-1,2,2]"
188,0.003320073,0.2951501,74,K74,64,0.093493872,4|5|6,"[-1,-1,-1,-1,2,2,2,-1,-1]"
189,0.000307937,0.5762774,66,K66,128,-0.003703742,3|4|7,"[-1,-1,-1,2,2,-1,-1,2,-1]"
190,-1.00E-06,1,72,K72,48,-0.167018484,3|6|8,"[-1,-1,-1,2,-1,-1,2,-1,2]"
191,0.000115189,0.400828,12,K12,8,0.281386401,0|2|8,"[2,-1,2,-1,-1,-1,-1,-1,2]"
192,0.000835186,0.6185345,34,K34,128,-0.141109405,1|3|4,"[-1,2,-1,2,2,-1,-1,-1,-1]"
193,0.001859621,0.1566779,63,K63,192,-0.367411156,2|7|8,"[-1,-1,2,-1,-1,-1,-1,2,2]"
194,0.00033424,0.5145632,3,K03,2,-0.049724247,0|1|5,"[2,2,-1,-1,-1,2,-1,-1,-1]"
195,0.001645846,0.8972127,50,K50,16,0.260797632,2|3|5,"[-1,-1,2,2,-1,2,-1,-1,-1]"
196,0.002199694,0.24765334,11,K11,32,0.173988372,0|2|7,"[2,-1,2,-1,-1,-1,-1,2,-1]"
197,-0.000519028,0.547713,27,K27,4,0.225595062,0|7|8,"[2,-1,-1,-1,-1,-1,-1,2,2]"
198,-0.004367456,0.005689926,7,K07,192,-0.18370971,0|2|3,"[2,-1,2,2,-1,-1,-1,-1,-1]"
199,0.002105423,0.314208,71,K71,1,0.110298047,3|6|7,"[-1,-1,-1,2,-1,-1,2,2,-1]"
200,-0.000583236,0.6956511,42,K42,2,0.037276775,1|4|8,"[-1,2,-1,-1,2,-1,-1,-1,2]"
201,0.005036422,0.18043494,3,K03,1,-0.05304901,0|1|5,"[2,2,-1,-1,-1,2,-1,-1,-1]"
202,-0.001489514,0.60794777,34,K34,256,-0.265363535,1|3|4,"[-1,2,-1,2,2,-1,-1,-1,-1]"
203,-0.005523485,0.94828165,20,K20,16,0.293580544,0|4|7,"[2,-1,-1,-1,2,-1,-1,2,-1]"
204,-0.004340801,0.06947253,47,K47,96,0.027686347,1|6|8,"[-1,2,-1,-1,-1,-1,2,-1,2]"
205,-0.000495587,0.6293515,42,K42,192,-0.126566477,1|4|8,"[-1,2,-1,-1,2,-1,-1,-1,2]"
206,0.000674405,0.0834893,60,K60,192,0.176846121,2|5|8,"[-1,-1,2,-1,-1,2,-1,-1,2]"
207,0.003354707,0.30770987,33,K33,4,0.598460419,1|2|8,"[-1,2,2,-1,-1,-1,-1,-1,2]"
208,-0.000178094,0.55017173,77,K77,192,-0.353369243,4|6|7,"[-1,-1,-1,-1,2,-1,2,2,-1]"
209,6.98E-05,0.4540183,32,K32,32,0.061015267,1|2|7,"[-1,2,2,-1,-1,-1,-1,2,-1]"
210,0.000566399,0.548806,34,K34,48,0.427558103,1|3|4,"[-1,2,-1,2,2,-1,-1,-1,-1]"
211,-0.002602183,0.98376924,83,K83,192,0.431496955,6|7|8,"[-1,-1,-1,-1,-1,-1,2,2,2]"
212,7.57E-07,0.46929732,82,K82,128,-0.245855484,5|7|8,"[-1,-1,-1,-1,-1,2,-1,2,2]"
213,0.000619954,0.64588803,46,K46,256,-0.129345648,1|6|7,"[-1,2,-1,-1,-1,-1,2,2,-1]"
214,-0.000514013,0.30069542,12,K12,16,-0.489149108,0|2|8,"[2,-1,2,-1,-1,-1,-1,-1,2]"
215,6.24E-05,0.5004551,55,K55,128,-0.015475053,2|4|6,"[-1,-1,2,-1,2,-1,2,-1,-1]"
216,0.003121621,0.828253,60,K60,2,-0.378938137,2|5|8,"[-1,-1,2,-1,-1,2,-1,-1,2]"
217,0.003556896,0.3752369,38,K38,8,-0.265838241,1|3|8,"[-1,2,-1,2,-1,-1,-1,-1,2]"
218,-0.000490901,0.60027933,13,K13,128,0.317845783,0|3|4,"[2,-1,-1,2,2,-1,-1,-1,-1]"
219,-0.000646442,2.94E-09,16,K16,64,-0.3016135,0|3|7,"[2,-1,-1,2,-1,-1,-1,2,-1]"
220,0.000162565,0.47264445,29,K29,96,-0.438424931,1|2|4,"[-1,2,2,-1,2,-1,-1,-1,-1]"
221,0.001443572,0.5866098,8,K08,4,-0.009659844,0|2|4,"[2,-1,2,-1,2,-1,-1,-1,-1]"
222,0.005334442,0.15563476,58,K58,96,0.037354185,2|5|6,"[-1,-1,2,-1,-1,2,2,-1,-1]"
223,-7.15E-05,0.5423513,63,K63,64,0.045112976,2|7|8,"[-1,-1,2,-1,-1,-1,-1,2,2]"
224,-0.001459461,0.9999121,82,K82,16,0.270826353,5|7|8,"[-1,-1,-1,-1,-1,2,-1,2,2]"
225,-8.44E-05,0.442192,60,K60,48,-0.169552063,2|5|8,"[-1,-1,2,-1,-1,2,-1,-1,2]"
226,1.31E-05,0.6519698,82,K82,192,-0.034784252,5|7|8,"[-1,-1,-1,-1,-1,2,-1,2,2]"
227,-0.006151821,0.047246147,83,K83,128,0.152180086,6|7|8,"[-1,-1,-1,-1,-1,-1,2,2,2]"
228,-8.70E-05,0.46441284,82,K82,256,-0.098137037,5|7|8,"[-1,-1,-1,-1,-1,2,-1,2,2]"
229,0.000933841,0.7588849,21,K21,16,0.334357761,0|4|8,"[2,-1,-1,-1,2,-1,-1,-1,2]"
230,-0.000563812,0.4071114,47,K47,32,0.236819916,1|6|8,"[-1,2,-1,-1,-1,-1,2,-1,2]"
231,0.000323014,0.5368347,33,K33,16,0.013637548,1|2|8,"[-1,2,2,-1,-1,-1,-1,-1,2]"
232,-0.001101105,0.95799226,72,K72,96,-0.03572771,3|6|8,"[-1,-1,-1,2,-1,-1,2,-1,2]"
233,8.74E-05,0.44294992,31,K31,16,0.01753003,1|2|6,"[-1,2,2,-1,-1,-1,2,-1,-1]"
234,0.001603126,0.5823206,16,K16,96,0.085883601,0|3|7,"[2,-1,-1,2,-1,-1,-1,2,-1]"
235,-0.000768108,0.11540732,48,K48,192,-0.461141429,1|7|8,"[-1,2,-1,-1,-1,-1,-1,2,2]"
236,0.000168891,0.5472168,33,K33,16,-0.301277797,1|2|8,"[-1,2,2,-1,-1,-1,-1,-1,2]"
237,-0.002594498,0.92779255,4,K04,192,-0.183030189,0|1|6,"[2,2,-1,-1,-1,-1,2,-1,-1]"
238,-0.001132923,0.42576623,80,K80,96,-0.1989875,5|6|7,"[-1,-1,-1,-1,-1,2,2,2,-1]"
239,-0.00064562,0.7935376,66,K66,4,-0.149874317,3|4|7,"[-1,-1,-1,2,2,-1,-1,2,-1]"
240,-0.005747737,0.15920518,59,K59,32,-0.144323284,2|5|7,"[-1,-1,2,-1,-1,2,-1,2,-1]"
241,-0.00043651,0.43558627,61,K61,192,0.017577568,2|6|7,"[-1,-1,2,-1,-1,-1,2,2,-1]"
242,-0.004494448,0.978192,48,K48,96,-0.081369204,1|7|8,"[-1,2,-1,-1,-1,-1,-1,2,2]"
243,-0.004420025,0.20087458,7,K07,4,0.076596311,0|2|3,"[2,-1,2,2,-1,-1,-1,-1,-1]"
244,0.00080541,0.53943676,43,K43,2,0.069975677,1|5|6,"[-1,2,-1,-1,-1,2,2,-1,-1]"
245,-0.002670681,0.91092956,59,K59,96,-0.020187207,2|5|7,"[-1,-1,2,-1,-1,2,-1,2,-1]"
246,-0.00333969,0.31880593,66,K66,128,-0.108433927,3|4|7,"[-1,-1,-1,2,2,-1,-1,2,-1]"
247,-0.000297936,0.63293815,28,K28,48,-0.186513721,1|2|3,"[-1,2,2,2,-1,-1,-1,-1,-1]"
248,-0.001379985,0.3996885,60,K60,16,0.173742882,2|5|8,"[-1,-1,2,-1,-1,2,-1,-1,2]"
249,0.000201545,0.50947005,36,K36,256,-0.122292524,1|3|6,"[-1,2,-1,2,-1,-1,2,-1,-1]"
250,-0.001987171,0.7698346,30,K30,32,0.037189588,1|2|5,"[-1,2,2,-1,-1,2,-1,-1,-1]"
251,-0.002898271,0.35011494,16,K16,4,0.174195076,0|3|7,"[2,-1,-1,2,-1,-1,-1,2,-1]"
252,-0.005029673,0.63958186,53,K53,64,0.03129036,2|3|8,"[-1,-1,2,2,-1,-1,-1,-1,2]"
253,-0.002339561,0.001528686,57,K57,2,-0.399475627,2|4|8,"[-1,-1,2,-1,2,-1,-1,-1,2]"
254,-4.74E-05,0.42952654,80,K80,48,-0.204788782,5|6|7,"[-1,-1,-1,-1,-1,2,2,2,-1]"
255,-0.000191651,0.6178535,48,K48,192,0.444601275,1|7|8,"[-1,2,-1,-1,-1,-1,-1,2,2]"
256,-0.0016437,0.064992175,82,K82,48,-0.417622239,5|7|8,"[-1,-1,-1,-1,-1,2,-1,2,2]"
257,-0.000473389,0.53197026,1,K01,8,0.266915007,0|1|3,"[2,2,-1,2,-1,-1,-1,-1,-1]"
258,-0.007167727,0.7631091,24,K24,64,-0.295730478,0|5|8,"[2,-1,-1,-1,-1,2,-1,-1,2]"
259,-0.002326399,0.35613483,12,K12,8,-0.014905717,0|2|8,"[2,-1,2,-1,-1,-1,-1,-1,2]"
260,0.00040419,0.5810221,47,K47,64,0.217255537,1|6|8,"[-1,2,-1,-1,-1,-1,2,-1,2]"
261,0.002858238,0.034224827,61,K61,16,-0.279385769,2|6|7,"[-1,-1,2,-1,-1,-1,2,2,-1]"
262,0.001990397,0.28466168,40,K40,128,0.198703672,1|4|6,"[-1,2,-1,-1,2,-1,2,-1,-1]"
263,-0.000208136,0.66220444,11,K11,8,-0.572355965,0|2|7,"[2,-1,2,-1,-1,-1,-1,2,-1]"
264,-0.007281802,0.07581961,29,K29,16,-0.081221434,1|2|4,"[-1,2,2,-1,2,-1,-1,-1,-1]"
265,0.000498766,0.630484,39,K39,96,-0.198093361,1|4|5,"[-1,2,-1,-1,2,2,-1,-1,-1]"
266,-0.001171598,0.97049403,11,K11,32,0.051167199,0|2|7,"[2,-1,2,-1,-1,-1,-1,2,-1]"
267,0.005965946,0.2896705,56,K56,64,0.137624828,2|4|7,"[-1,-1,2,-1,2,-1,-1,2,-1]"
268,0.001939676,0.62913144,29,K29,16,0.23450449,1|2|4,"[-1,2,2,-1,2,-1,-1,-1,-1]"
269,0.000583409,0.20763662,14,K14,256,0.223325726,0|3|5,"[2,-1,-1,2,-1,2,-1,-1,-1]"
270,4.80E-05,0.5040211,40,K40,96,-0.148085046,1|4|6,"[-1,2,-1,-1,2,-1,2,-1,-1]"
271,0.000818794,0.6125773,41,K41,128,-0.267528465,1|4|7,"[-1,2,-1,-1,2,-1,-1,2,-1]"
272,0.003033179,0.33280835,59,K59,192,0.051664078,2|5|7,"[-1,-1,2,-1,-1,2,-1,2,-1]"
273,0.003609738,0.6893389,35,K35,256,-0.180581117,1|3|5,"[-1,2,-1,2,-1,2,-1,-1,-1]"
274,-0.004470111,0.14308427,8,K08,192,-0.559062224,0|2|4,"[2,-1,2,-1,2,-1,-1,-1,-1]"
275,6.73E-06,0.4833194,11,K11,96,-0.577922897,0|2|7,"[2,-1,2,-1,-1,-1,-1,2,-1]"
276,0.001306746,0.8135054,74,K74,96,-0.159793412,4|5|6,"[-1,-1,-1,-1,2,2,2,-1,-1]"
277,-0.006403791,0.14534838,66,K66,2,-0.159367873,3|4|7,"[-1,-1,-1,2,2,-1,-1,2,-1]"
278,-0.000224151,0.5697131,58,K58,128,-0.043847071,2|5|6,"[-1,-1,2,-1,-1,2,2,-1,-1]"
279,-0.006910834,0.8156329,6,K06,1,-0.016097142,0|1|8,"[2,2,-1,-1,-1,-1,-1,-1,2]"
280,-0.003711009,0.33870798,0,K00,256,-0.448628773,0|1|2,"[2,2,2,-1,-1,-1,-1,-1,-1]"
281,-0.000813659,0.61340094,69,K69,1,0.005419306,3|5|7,"[-1,-1,-1,2,-1,2,-1,2,-1]"
282,0.00235921,0.09611245,61,K61,2,-0.341353375,2|6|7,"[-1,-1,2,-1,-1,-1,2,2,-1]"
283,0.000286831,0.47237936,27,K27,8,0.037861534,0|7|8,"[2,-1,-1,-1,-1,-1,-1,2,2]"
284,-0.005519292,0.96122974,80,K80,32,-0.071519846,5|6|7,"[-1,-1,-1,-1,-1,2,2,2,-1]"
285,-0.002811366,0.30156404,30,K30,16,0.311075314,1|2|5,"[-1,2,2,-1,-1,2,-1,-1,-1]"
286,-0.00430994,0.6939836,57,K57,256,0.022747667,2|4|8,"[-1,-1,2,-1,2,-1,-1,-1,2]"
287,-0.002955584,0.011699975,18,K18,4,-0.195435186,0|4|5,"[2,-1,-1,-1,2,2,-1,-1,-1]"
288,0.000360534,0.4278833,25,K25,256,-0.125592182,0|6|7,"[2,-1,-1,-1,-1,-1,2,2,-1]"
289,0.00354718,0.766988,71,K71,1,-0.05505328,3|6|7,"[-1,-1,-1,2,-1,-1,2,2,-1]"
290,-0.00781012,0.09774909,76,K76,2,0.072506205,4|5|8,"[-1,-1,-1,-1,2,2,-1,-1,2]"
291,-3.72E-05,0.5401082,83,K83,1,0.120865995,6|7|8,"[-1,-1,-1,-1,-1,-1,2,2,2]"
292,-0.001202812,0.97928536,71,K71,4,-0.270668561,3|6|7,"[-1,-1,-1,2,-1,-1,2,2,-1]"
293,0.004210625,0.35888824,15,K15,2,-0.304051008,0|3|6,"[2,-1,-1,2,-1,-1,2,-1,-1]"
294,0.000963649,0.57261735,73,K73,64,0.121788003,3|7|8,"[-1,-1,-1,2,-1,-1,-1,2,2]"
295,-1.32E-05,2.59E-36,52,K52,48,-0.052290669,2|3|7,"[-1,-1,2,2,-1,-1,-1,2,-1]"
296,-5.30E-06,0.46877217,35,K35,256,0.20342939,1|3|5,"[-1,2,-1,2,-1,2,-1,-1,-1]"
297,0.002539897,0.66573536,3,K03,2,0.06640736,0|1|5,"[2,2,-1,-1,-1,2,-1,-1,-1]"
298,-0.005226383,0.03832752,0,K00,192,0.358493373,0|1|2,"[2,2,2,-1,-1,-1,-1,-1,-1]"
299,0.000116603,0.6160473,33,K33,48,0.108233064,1|2|8,"[-1,2,2,-1,-1,-1,-1,-1,2]"
300,-0.000456217,1,27,K27,32,-0.338507186,0|7|8,"[2,-1,-1,-1,-1,-1,-1,2,2]"
301,-0.001122945,0.40520358,18,K18,256,-0.14636603,0|4|5,"[2,-1,-1,-1,2,2,-1,-1,-1]"
302,0.00024733,0.54494685,55,K55,96,0.089567953,2|4|6,"[-1,-1,2,-1,2,-1,2,-1,-1]"
303,0.001594037,0.2862643,53,K53,128,-0.295740695,2|3|8,"[-1,-1,2,2,-1,-1,-1,-1,2]"
304,6.82E-05,0.49914905,33,K33,64,-0.039321463,1|2|8,"[-1,2,2,-1,-1,-1,-1,-1,2]"
305,-0.006847813,0.9283583,17,K17,32,0.120547462,0|3|8,"[2,-1,-1,2,-1,-1,-1,-1,2]"
306,-0.004431844,0.22457874,54,K54,32,0.227369895,2|4|5,"[-1,-1,2,-1,2,2,-1,-1,-1]"
307,0.000276059,0.57590735,51,K51,128,0.170248185,2|3|6,"[-1,-1,2,2,-1,-1,2,-1,-1]"
308,1.72E-05,0.06265845,56,K56,8,-0.39875799,2|4|7,"[-1,-1,2,-1,2,-1,-1,2,-1]"
309,-0.00176567,0.35413253,80,K80,2,0.245142368,5|6|7,"[-1,-1,-1,-1,-1,2,2,2,-1]"
310,-0.000667241,0.6626125,30,K30,32,-0.248364357,1|2|5,"[-1,2,2,-1,-1,2,-1,-1,-1]"
311,0.005992418,0.25039378,21,K21,256,-0.014115946,0|4|8,"[2,-1,-1,-1,2,-1,-1,-1,2]"
312,0.000586007,0.5613905,59,K59,64,-0.229389132,2|5|7,"[-1,-1,2,-1,-1,2,-1,2,-1]"
313,-0.002382109,0.9837339,10,K10,128,0.193970175,0|2|6,"[2,-1,2,-1,-1,-1,2,-1,-1]"
314,0.000357159,0.40150815,11,K11,48,-0.044035234,0|2|7,"[2,-1,2,-1,-1,-1,-1,2,-1]"
315,-0.002844655,0.83406776,71,K71,128,0.030790333,3|6|7,"[-1,-1,-1,2,-1,-1,2,2,-1]"
316,-0.009650678,0.15266207,82,K82,192,0.078734262,5|7|8,"[-1,-1,-1,-1,-1,2,-1,2,2]"
317,-0.000168906,0.46566728,4,K04,1,-0.041612182,0|1|6,"[2,2,-1,-1,-1,-1,2,-1,-1]"
318,0.001102542,0.80599684,40,K40,96,-0.175329812,1|4|6,"[-1,2,-1,-1,2,-1,2,-1,-1]"
319,-0.002283073,0.16272928,62,K62,48,0.318859093,2|6|8,"[-1,-1,2,-1,-1,-1,2,-1,2]"
320,-0.00729658,0.93387276,79,K79,2,0.11967384,4|7|8,"[-1,-1,-1,-1,2,-1,-1,2,2]"
321,-0.004085255,0.98084915,74,K74,96,0.165163261,4|5|6,"[-1,-1,-1,-1,2,2,2,-1,-1]"
322,-0.000486493,0.37549925,19,K19,64,-0.438636425,0|4|6,"[2,-1,-1,-1,2,-1,2,-1,-1]"
323,-0.000711213,0.67050403,11,K11,256,-0.495741973,0|2|7,"[2,-1,2,-1,-1,-1,-1,2,-1]"
324,0.002730207,0.2871324,7,K07,256,0.37784016,0|2|3,"[2,-1,2,2,-1,-1,-1,-1,-1]"
325,1.38E-05,0.5124815,43,K43,128,0.149951595,1|5|6,"[-1,2,-1,-1,-1,2,2,-1,-1]"
326,-0.006753509,0.74881446,66,K66,256,-0.442441756,3|4|7,"[-1,-1,-1,2,2,-1,-1,2,-1]"
327,-0.004925687,0.027540438,81,K81,4,0.077186349,5|6|8,"[-1,-1,-1,-1,-1,2,2,-1,2]"
328,0.000543812,0.68265283,18,K18,2,-0.003010947,0|4|5,"[2,-1,-1,-1,2,2,-1,-1,-1]"
329,-0.00393576,0.012648461,12,K12,256,-0.258685884,0|2|8,"[2,-1,2,-1,-1,-1,-1,-1,2]"
330,-0.000561289,0.4431398,46,K46,4,-0.126327197,1|6|7,"[-1,2,-1,-1,-1,-1,2,2,-1]"
331,-0.00027114,0.69739395,70,K70,192,0.409926683,3|5|8,"[-1,-1,-1,2,-1,2,-1,-1,2]"
332,-0.005688563,0.3041052,32,K32,16,-0.196158113,1|2|7,"[-1,2,2,-1,-1,-1,-1,2,-1]"
333,6.99E-05,0.5540157,56,K56,32,0.088857547,2|4|7,"[-1,-1,2,-1,2,-1,-1,2,-1]"
334,-0.002456001,0.9388683,56,K56,2,-0.21826274,2|4|7,"[-1,-1,2,-1,2,-1,-1,2,-1]"
335,-0.00112804,0.44038528,6,K06,32,-0.390814732,0|1|8,"[2,2,-1,-1,-1,-1,-1,-1,2]"
336,0.001008787,0.62799156,6,K06,64,0.550203494,0|1|8,"[2,2,-1,-1,-1,-1,-1,-1,2]"
337,0.00095524,0.15486833,14,K14,8,0.134141611,0|3|5,"[2,-1,-1,2,-1,2,-1,-1,-1]"
338,3.25E-05,0.4982981,51,K51,64,-0.141323099,2|3|6,"[-1,-1,2,2,-1,-1,2,-1,-1]"
339,-0.001631697,0.8077269,77,K77,8,-0.115350256,4|6|7,"[-1,-1,-1,-1,2,-1,2,2,-1]"
340,0.000624063,0.23522136,37,K37,8,-0.093872711,1|3|7,"[-1,2,-1,2,-1,-1,-1,2,-1]"
341,-3.94E-05,0.5538093,5,K05,8,-0.281002484,0|1|7,"[2,2,-1,-1,-1,-1,-1,2,-1]"
342,0.000339185,0.1111691,78,K78,96,0.074390038,4|6|8,"[-1,-1,-1,-1,2,-1,2,-1,2]"
343,-3.02E-05,0.44812876,29,K29,8,0.118358516,1|2|4,"[-1,2,2,-1,2,-1,-1,-1,-1]"
344,0.005110682,0.7307572,67,K67,2,-0.133156121,3|4|8,"[-1,-1,-1,2,2,-1,-1,-1,2]"
345,0.002795718,0.14547582,2,K02,96,-0.045641901,0|1|4,"[2,2,-1,-1,2,-1,-1,-1,-1]"
346,4.73E-05,0.51333725,17,K17,256,-0.343764819,0|3|8,"[2,-1,-1,2,-1,-1,-1,-1,2]"
347,0.004968692,0.9143371,21,K21,8,0.025793786,0|4|8,"[2,-1,-1,-1,2,-1,-1,-1,2]"
348,0.000531159,0.36192662,1,K01,2,-0.505276514,0|1|3,"[2,2,-1,2,-1,-1,-1,-1,-1]"
349,-0.003068174,0.735016,17,K17,4,-0.060116626,0|3|8,"[2,-1,-1,2,-1,-1,-1,-1,2]"
350,-0.006245689,0.017233334,48,K48,96,0.310375831,1|7|8,"[-1,2,-1,-1,-1,-1,-1,2,2]"
351,-0.0032797,0.24379718,66,K66,4,-0.1034772,3|4|7,"[-1,-1,-1,2,2,-1,-1,2,-1]"
352,-0.002502023,0.6805652,21,K21,96,0.610430266,0|4|8,"[2,-1,-1,-1,2,-1,-1,-1,2]"
353,0.00083147,0.28127983,6,K06,1,-0.295954521,0|1|8,"[2,2,-1,-1,-1,-1,-1,-1,2]"
354,-0.001409167,0.64786756,31,K31,16,-0.094098338,1|2|6,"[-1,2,2,-1,-1,-1,2,-1,-1]"
355,-0.000488609,1,9,K09,128,-0.040022948,0|2|5,"[2,-1,2,-1,-1,2,-1,-1,-1]"
356,0.000155344,0.4361734,77,K77,128,0.185022427,4|6|7,"[-1,-1,-1,-1,2,-1,2,2,-1]"
357,-0.004535067,0.81166804,45,K45,96,0.252802562,1|5|8,"[-1,2,-1,-1,-1,2,-1,-1,2]"
358,-0.00146791,0.033795882,59,K59,2,0.008626638,2|5|7,"[-1,-1,2,-1,-1,2,-1,2,-1]"
359,4.82E-05,0.49986285,16,K16,32,-0.392843156,0|3|7,"[2,-1,-1,2,-1,-1,-1,2,-1]"
360,-0.003905631,0.9537477,39,K39,8,0.307595231,1|4|5,"[-1,2,-1,-1,2,2,-1,-1,-1]"
361,-0.005182654,0.014720298,43,K43,8,0.123390873,1|5|6,"[-1,2,-1,-1,-1,2,2,-1,-1]"
362,0.00136331,0.69601274,59,K59,2,0.159532521,2|5|7,"[-1,-1,2,-1,-1,2,-1,2,-1]"
363,-0.003009927,0.000734848,4,K04,64,-0.41021746,0|1|6,"[2,2,-1,-1,-1,-1,2,-1,-1]"
364,-0.000445729,0.4203229,31,K31,32,0.079944241,1|2|6,"[-1,2,2,-1,-1,-1,2,-1,-1]"
365,0.002413123,0.7621417,15,K15,4,-0.073946561,0|3|6,"[2,-1,-1,2,-1,-1,2,-1,-1]"
366,-0.009752216,0.113281935,77,K77,1,0.194632097,4|6|7,"[-1,-1,-1,-1,2,-1,2,2,-1]"
367,-0.000339108,0.5865129,28,K28,8,0.376308432,1|2|3,"[-1,2,2,2,-1,-1,-1,-1,-1]"
368,0.000964134,0.8780927,66,K66,16,-0.236325004,3|4|7,"[-1,-1,-1,2,2,-1,-1,2,-1]"
369,-0.001478741,0.340601,60,K60,128,-0.061321914,2|5|8,"[-1,-1,2,-1,-1,2,-1,-1,2]"
370,7.29E-05,0.62997484,5,K05,64,-0.028176273,0|1|7,"[2,2,-1,-1,-1,-1,-1,2,-1]"
371,0.003097234,0.06859616,69,K69,8,-0.219704399,3|5|7,"[-1,-1,-1,2,-1,2,-1,2,-1]"
372,0.00029392,0.4492888,32,K32,128,0.091724891,1|2|7,"[-1,2,2,-1,-1,-1,-1,2,-1]"
373,0.002333202,0.8694669,15,K15,32,0.084160505,0|3|6,"[2,-1,-1,2,-1,-1,2,-1,-1]"
374,0.004409095,0.26122543,65,K65,256,-0.24679215,3|4|6,"[-1,-1,-1,2,2,-1,2,-1,-1]"
375,-0.002640171,0.6997296,42,K42,1,-0.240667874,1|4|8,"[-1,2,-1,-1,2,-1,-1,-1,2]"
376,-0.005305696,0.025786836,42,K42,2,0.02377934,1|4|8,"[-1,2,-1,-1,2,-1,-1,-1,2]"
377,0.000286758,0.43158916,71,K71,192,-0.457401842,3|6|7,"[-1,-1,-1,2,-1,-1,2,2,-1]"
378,-0.001397497,0.64861983,1,K01,4,0.037195304,0|1|3,"[2,2,-1,2,-1,-1,-1,-1,-1]"
379,-0.003895473,0.24766937,44,K44,16,0.166067953,1|5|7,"[-1,2,-1,-1,-1,2,-1,2,-1]"
380,9.51E-05,0.504512,30,K30,16,0.165486472,1|2|5,"[-1,2,2,-1,-1,2,-1,-1,-1]"
381,-0.005802269,0.869778,66,K66,48,-0.256365434,3|4|7,"[-1,-1,-1,2,2,-1,-1,2,-1]"
382,-0.001245158,0.29211724,8,K08,96,0.386626283,0|2|4,"[2,-1,2,-1,2,-1,-1,-1,-1]"
383,0.000687462,0.5875781,71,K71,16,0.455584247,3|6|7,"[-1,-1,-1,2,-1,-1,2,2,-1]"
384,-0.001549197,0.050470836,12,K12,4,-0.295658328,0|2|8,"[2,-1,2,-1,-1,-1,-1,-1,2]"
385,-0.000536876,0.4005719,27,K27,32,0.377477765,0|7|8,"[2,-1,-1,-1,-1,-1,-1,2,2]"
386,-0.001061121,0.6691079,70,K70,192,0.281951973,3|5|8,"[-1,-1,-1,2,-1,2,-1,-1,2]"
387,-0.006561816,0.2615834,51,K51,192,0.186389355,2|3|6,"[-1,-1,2,2,-1,-1,2,-1,-1]"
388,-0.000294078,0.57308644,78,K78,192,-0.200988848,4|6|8,"[-1,-1,-1,-1,2,-1,2,-1,2]"
389,-0.001301212,0.9055831,45,K45,48,0.219277398,1|5|8,"[-1,2,-1,-1,-1,2,-1,-1,2]"
390,-0.001311035,0.22395894,50,K50,48,-0.277135975,2|3|5,"[-1,-1,2,2,-1,2,-1,-1,-1]"
391,0.001926859,0.6893657,17,K17,8,-0.003421021,0|3|8,"[2,-1,-1,2,-1,-1,-1,-1,2]"
392,0.003310966,0.18059988,63,K63,64,0.181283884,2|7|8,"[-1,-1,2,-1,-1,-1,-1,2,2]"
393,5.12E-05,0.49530542,60,K60,1,0.112327737,2|5|8,"[-1,-1,2,-1,-1,2,-1,-1,2]"
394,-0.001552771,0.6166807,56,K56,8,-0.071235189,2|4|7,"[-1,-1,2,-1,2,-1,-1,2,-1]"
395,0.001057384,0.40320066,73,K73,2,0.085049762,3|7|8,"[-1,-1,-1,2,-1,-1,-1,2,2]"
396,-0.003356297,0.70202065,3,K03,8,-0.030182839,0|1|5,"[2,2,-1,-1,-1,2,-1,-1,-1]"
397,-0.004749904,0.002397382,3,K03,8,0.067089183,0|1|5,"[2,2,-1,-1,-1,2,-1,-1,-1]"
398,0.000478066,0.42452016,44,K44,8,-0.176998285,1|5|7,"[-1,2,-1,-1,-1,2,-1,2,-1]"
399,0.00044985,0.85044146,80,K80,16,-0.271423069,5|6|7,"[-1,-1,-1,-1,-1,2,2,2,-1]"
400,0.006180242,0.13025215,34,K34,256,-0.126590223,1|3|4,"[-1,2,-1,2,2,-1,-1,-1,-1]"
401,-1.87E-06,0.53959167,4,K04,2,-0.284664499,0|1|6,"[2,2,-1,-1,-1,-1,2,-1,-1]"
402,-0.001859988,0.9997345,17,K17,8,0.269195604,0|3|8,"[2,-1,-1,2,-1,-1,-1,-1,2]"
403,-0.001501755,0.3080866,33,K33,1,0.611768053,1|2|8,"[-1,2,2,-1,-1,-1,-1,-1,2]"
404,-0.001720367,0.94766366,49,K49,2,0.166141131,2|3|4,"[-1,-1,2,2,2,-1,-1,-1,-1]"
405,0.007666967,0.19215468,6,K06,64,0.280221406,0|1|8,"[2,2,-1,-1,-1,-1,-1,-1,2]"
406,0.000842168,0.41865203,24,K24,64,-0.239954526,0|5|8,"[2,-1,-1,-1,-1,2,-1,-1,2]"
407,-0.005813457,0.8804502,31,K31,2,-0.024694801,1|2|6,"[-1,2,2,-1,-1,-1,2,-1,-1]"
408,0.003116332,0.2881509,25,K25,256,-0.254692063,0|6|7,"[2,-1,-1,-1,-1,-1,2,2,-1]"
409,-0.000590284,0.57881594,47,K47,4,0.158024743,1|6|8,"[-1,2,-1,-1,-1,-1,2,-1,2]"
410,-0.00052709,0.99168533,80,K80,48,0.034555806,5|6|7,"[-1,-1,-1,-1,-1,2,2,2,-1]"
411,0.001702682,0.18238682,42,K42,64,-0.226903103,1|4|8,"[-1,2,-1,-1,2,-1,-1,-1,2]"
412,-0.002553894,0.70707285,59,K59,32,0.337093565,2|5|7,"[-1,-1,2,-1,-1,2,-1,2,-1]"
413,-0.001183718,0.05054259,29,K29,96,-0.000792305,1|2|4,"[-1,2,2,-1,2,-1,-1,-1,-1]"
414,3.09E-05,0.50293016,75,K75,192,0.18984635,4|5|7,"[-1,-1,-1,-1,2,2,-1,2,-1]"
415,-0.00504228,0.8962675,43,K43,2,0.216614397,1|5|6,"[-1,2,-1,-1,-1,2,2,-1,-1]"
416,-0.000127383,0.40326744,54,K54,128,0.340560926,2|4|5,"[-1,-1,2,-1,2,2,-1,-1,-1]"
417,-0.000172831,0.6644367,58,K58,2,0.306819092,2|5|6,"[-1,-1,2,-1,-1,2,2,-1,-1]"
418,-0.000886516,8.18E-12,66,K66,96,0.014811247,3|4|7,"[-1,-1,-1,2,2,-1,-1,2,-1]"
419,-0.000110744,0.4158295,55,K55,96,-0.048588151,2|4|6,"[-1,-1,2,-1,2,-1,2,-1,-1]"
420,0.00431588,0.6761944,8,K08,8,-0.147289863,0|2|4,"[2,-1,2,-1,2,-1,-1,-1,-1]"
421,0.002482089,0.3323935,12,K12,256,-0.245185805,0|2|8,"[2,-1,2,-1,-1,-1,-1,-1,2]"
422,-6.25E-05,0.5630176,76,K76,1,0.406024439,4|5|8,"[-1,-1,-1,-1,2,2,-1,-1,2]"
423,-0.000372614,0.9619688,46,K46,192,-0.137705225,1|6|7,"[-1,2,-1,-1,-1,-1,2,2,-1]"
424,0.002990192,0.32267985,1,K01,64,0.319290669,0|1|3,"[2,2,-1,2,-1,-1,-1,-1,-1]"
425,0.003677041,0.8027967,5,K05,96,-0.213564861,0|1|7,"[2,2,-1,-1,-1,-1,-1,2,-1]"
426,0.004729071,0.07795344,33,K33,48,-0.181600663,1|2|8,"[-1,2,2,-1,-1,-1,-1,-1,2]"
427,6.02E-05,0.4940812,53,K53,96,0.206892006,2|3|8,"[-1,-1,2,2,-1,-1,-1,-1,2]"
428,-4.49E-05,0.772694,4,K04,192,-0.061518277,0|1|6,"[2,2,-1,-1,-1,-1,2,-1,-1]"
429,0.001549842,0.17948578,3,K03,256,-0.212646927,0|1|5,"[2,2,-1,-1,-1,2,-1,-1,-1]"
430,-0.00060317,0.62747663,62,K62,96,0.346622193,2|6|8,"[-1,-1,2,-1,-1,-1,2,-1,2]"
431,-0.001553243,1.35E-08,46,K46,32,-0.327770516,1|6|7,"[-1,2,-1,-1,-1,-1,2,2,-1]"
432,0.000293798,0.35193783,75,K75,8,-0.220917021,4|5|7,"[-1,-1,-1,-1,2,2,-1,2,-1]"
433,0.002763863,0.9165046,19,K19,96,0.122797745,0|4|6,"[2,-1,-1,-1,2,-1,2,-1,-1]"
434,0.000621828,0.26445517,77,K77,2,0.314214914,4|6|7,"[-1,-1,-1,-1,2,-1,2,2,-1]"
435,-3.06E-05,0.52501124,4,K04,96,-0.040052991,0|1|6,"[2,2,-1,-1,-1,-1,2,-1,-1]"
436,-0.003641561,0.9602106,55,K55,4,-0.2345606,2|4|6,"[-1,-1,2,-1,2,-1,2,-1,-1]"
437,0.000214488,0.4319332,40,K40,2,0.476615253,1|4|6,"[-1,2,-1,-1,2,-1,2,-1,-1]"
438,0.000742276,0.6312429,20,K20,32,-0.039995959,0|4|7,"[2,-1,-1,-1,2,-1,-1,2,-1]"
439,-0.001298628,0.122900605,25,K25,256,-0.189804376,0|6|7,"[2,-1,-1,-1,-1,-1,2,2,-1]"
440,6.94E-05,0.35416546,66,K66,4,-0.016573854,3|4|7,"[-1,-1,-1,2,2,-1,-1,2,-1]"
441,-0.000199012,0.6902245,4,K04,96,0.229297305,0|1|6,"[2,2,-1,-1,-1,-1,2,-1,-1]"
442,0.003770291,0.2887943,31,K31,4,-0.699282281,1|2|6,"[-1,2,2,-1,-1,-1,2,-1,-1]"
443,1.21E-05,0.5776491,65,K65,192,-0.289254085,3|4|6,"[-1,-1,-1,2,2,-1,2,-1,-1]"
444,-0.000963243,0.85058695,17,K17,32,0.120817239,0|3|8,"[2,-1,-1,2,-1,-1,-1,-1,2]"
445,0.00229712,0.37272242,19,K19,256,0.07966998,0|4|6,"[2,-1,-1,-1,2,-1,2,-1,-1]"
446,-0.000798921,0.7647278,79,K79,256,-0.031770242,4|7|8,"[-1,-1,-1,-1,2,-1,-1,2,2]"
447,0.007872328,0.11804801,55,K55,1,-0.078774792,2|4|6,"[-1,-1,2,-1,2,-1,2,-1,-1]"
448,4.26E-05,0.50817424,19,K19,128,0.092188819,0|4|6,"[2,-1,-1,-1,2,-1,2,-1,-1]"
449,-0.00036605,0.74747795,35,K35,64,0.206774767,1|3|5,"[-1,2,-1,2,-1,2,-1,-1,-1]"
450,0.002563633,0.27563968,26,K26,8,-0.173681108,0|6|8,"[2,-1,-1,-1,-1,-1,2,-1,2]"
451,-0.000245295,0.5791998,66,K66,48,-0.140593903,3|4|7,"[-1,-1,-1,2,2,-1,-1,2,-1]"
452,-0.003754086,0.016565694,2,K02,4,0.136026085,0|1|4,"[2,2,-1,-1,2,-1,-1,-1,-1]"
453,0.000195166,0.46075374,25,K25,1,-0.119518869,0|6|7,"[2,-1,-1,-1,-1,-1,2,2,-1]"
454,0.001125645,0.74493486,30,K30,16,-0.347056862,1|2|5,"[-1,2,2,-1,-1,2,-1,-1,-1]"
455,0.001145988,0.36421192,10,K10,192,-0.084074095,0|2|6,"[2,-1,2,-1,-1,-1,2,-1,-1]"
456,-0.000202229,0.5282916,73,K73,64,-0.29807285,3|7|8,"[-1,-1,-1,2,-1,-1,-1,2,2]"
457,-0.002903129,0.9601937,28,K28,192,0.101788837,1|2|3,"[-1,2,2,2,-1,-1,-1,-1,-1]"
458,0.000463317,0.4178326,28,K28,1,0.163649779,1|2|3,"[-1,2,2,2,-1,-1,-1,-1,-1]"
459,0.001075558,0.74184257,56,K56,2,-0.184247182,2|4|7,"[-1,-1,2,-1,2,-1,-1,2,-1]"
460,-0.002510228,0.036329083,25,K25,32,-0.064193748,0|6|7,"[2,-1,-1,-1,-1,-1,2,2,-1]"
461,1.63E-05,0.44873583,26,K26,16,0.050745677,0|6|8,"[2,-1,-1,-1,-1,-1,2,-1,2]"
462,-0.000117694,0.7271591,38,K38,256,0.261204685,1|3|8,"[-1,2,-1,2,-1,-1,-1,-1,2]"
463,0.003633248,0.2414019,69,K69,64,0.208459783,3|5|7,"[-1,-1,-1,2,-1,2,-1,2,-1]"
464,-0.001064426,0.62514794,67,K67,48,0.04111914,3|4|8,"[-1,-1,-1,2,2,-1,-1,-1,2]"
465,-0.001553584,0.9999832,29,K29,1,0.065933164,1|2|4,"[-1,2,2,-1,2,-1,-1,-1,-1]"
466,0.002313078,0.2497956,41,K41,128,0.302232961,1|4|7,"[-1,2,-1,-1,2,-1,-1,2,-1]"
467,-0.000326344,0.7319936,16,K16,8,0.143262458,0|3|7,"[2,-1,-1,2,-1,-1,-1,2,-1]"
468,0.003233079,0.32611564,20,K20,48,0.116355853,0|4|7,"[2,-1,-1,-1,2,-1,-1,2,-1]"
469,0.000468681,0.5588222,48,K48,32,-0.250921119,1|7|8,"[-1,2,-1,-1,-1,-1,-1,2,2]"
470,0.000152343,0.7758588,20,K20,8,0.044802725,0|4|7,"[2,-1,-1,-1,2,-1,-1,2,-1]"
471,0.001784556,0.29273534,47,K47,2,0.104729583,1|6|8,"[-1,2,-1,-1,-1,-1,2,-1,2]"
472,0.000765141,0.83843434,64,K64,64,0.0220212,3|4|5,"[-1,-1,-1,2,2,2,-1,-1,-1]"
473,-0.003904013,0.015227038,48,K48,256,-0.234250902,1|7|8,"[-1,2,-1,-1,-1,-1,-1,2,2]"
474,0.000305798,0.4407686,60,K60,192,-0.413031202,2|5|8,"[-1,-1,2,-1,-1,2,-1,-1,2]"
475,-0.00246383,0.759925,2,K02,128,0.146402329,0|1|4,"[2,2,-1,-1,2,-1,-1,-1,-1]"
476,-0.001692592,0.25085565,46,K46,96,0.152358633,1|6|7,"[-1,2,-1,-1,-1,-1,2,2,-1]"
477,-7.99E-05,0.5276515,44,K44,48,0.037912574,1|5|7,"[-1,2,-1,-1,-1,2,-1,2,-1]"
478,-0.003215051,0.9870568,64,K64,64,-0.198877252,3|4|5,"[-1,-1,-1,2,2,2,-1,-1,-1]"
479,-0.001683866,0.30746418,49,K49,16,-0.099166123,2|3|4,"[-1,-1,2,2,2,-1,-1,-1,-1]"
480,-0.001971907,0.7376097,52,K52,2,-0.008903538,2|3|7,"[-1,-1,2,2,-1,-1,-1,2,-1]"
481,-0.004673184,0.010607678,12,K12,128,0.180690003,0|2|8,"[2,-1,2,-1,-1,-1,-1,-1,2]"
482,0.000319637,0.47556102,13,K13,4,0.032125759,0|3|4,"[2,-1,-1,2,2,-1,-1,-1,-1]"
483,0.001608351,0.68364036,3,K03,1,-0.177597722,0|1|5,"[2,2,-1,-1,-1,2,-1,-1,-1]"
484,0.002593467,0.38260898,54,K54,16,-0.106829935,2|4|5,"[-1,-1,2,-1,2,2,-1,-1,-1]"
485,-0.000710145,0.62079877,39,K39,64,-0.260815355,1|4|5,"[-1,2,-1,-1,2,2,-1,-1,-1]"
486,0.003658437,0.08718054,68,K68,48,0.431006592,3|5|6,"[-1,-1,-1,2,-1,2,2,-1,-1]"
487,0.00226973,0.36215994,53,K53,16,-0.152517794,2|3|8,"[-1,-1,2,2,-1,-1,-1,-1,2]"
488,-0.000324955,0.6969808,52,K52,96,0.348469191,2|3|7,"[-1,-1,2,2,-1,-1,-1,2,-1]"
489,0.000729643,0.22093636,2,K02,1,0.080804387,0|1|4,"[2,2,-1,-1,2,-1,-1,-1,-1]"
490,-0.000379532,0.5549567,5,K05,256,0.44057097,0|1|7,"[2,2,-1,-1,-1,-1,-1,2,-1]"
491,-0.000595582,0.8230271,66,K66,64,-0.228784962,3|4|7,"[-1,-1,-1,2,2,-1,-1,2,-1]"
492,-0.000308261,0.27351984,10,K10,1,0.192427185,0|2|6,"[2,-1,2,-1,-1,-1,2,-1,-1]"
493,-9.69E-05,0.5681716,27,K27,2,-0.187514509,0|7|8,"[2,-1,-1,-1,-1,-1,-1,2,2]"
494,0.011044925,0.12986918,74,K74,48,0.111138351,4|5|6,"[-1,-1,-1,-1,2,2,2,-1,-1]"
495,0.000260489,0.46138492,22,K22,16,-0.148316629,0|5|6,"[2,-1,-1,-1,-1,2,2,-1,-1]"
496,0.003595465,0.8658195,6,K06,96,-0.284689913,0|1|8,"[2,2,-1,-1,-1,-1,-1,-1,2]"
497,0.003494374,0.2259234,48,K48,16,-0.189147446,1|7|8,"[-1,2,-1,-1,-1,-1,-1,2,2]"
498,-0.001280939,0.6754139,6,K06,1,-0.043753085,0|1|8,"[2,2,-1,-1,-1,-1,-1,-1,2]"
499,-0.000514358,0.99993426,7,K07,32,0.397165795,0|2|3,"[2,-1,2,2,-1,-1,-1,-1,-1]"
500,0.007062333,0.23916058,71,K71,1,-0.085434163,3|6|7,"[-1,-1,-1,2,-1,-1,2,2,-1]"
501,0.000572785,0.9135198,68,K68,16,-0.338231411,3|5|6,"[-1,-1,-1,2,-1,2,2,-1,-1]"
502,0.004817762,0.2049915,81,K81,2,0.157836508,5|6|8,"[-1,-1,-1,-1,-1,2,2,-1,2]"
503,5.80E-05,0.5025771,75,K75,4,0.333253306,4|5|7,"[-1,-1,-1,-1,2,2,-1,2,-1]"
504,0.002515515,0.82703,46,K46,4,-0.578347261,1|6|7,"[-1,2,-1,-1,-1,-1,2,2,-1]"
505,0.001393065,0.23933141,1,K01,128,0.120418306,0|1|3,"[2,2,-1,2,-1,-1,-1,-1,-1]"
506,0.001465534,0.60627294,67,K67,192,-0.313783336,3|4|8,"[-1,-1,-1,2,2,-1,-1,-1,2]"
507,0.005391609,0.08093051,28,K28,1,-0.419694015,1|2|3,"[-1,2,2,2,-1,-1,-1,-1,-1]"
508,0.000234794,0.31715718,8,K08,96,0.159554063,0|2|4,"[2,-1,2,-1,2,-1,-1,-1,-1]"
509,0.002678751,0.92226213,6,K06,16,0.348842561,0|1|8,"[2,2,-1,-1,-1,-1,-1,-1,2]"
510,-0.001308727,0.29108536,74,K74,16,0.43874004,4|5|6,"[-1,-1,-1,-1,2,2,2,-1,-1]"
511,0.000318617,0.5279025,10,K10,64,0.019507867,0|2|6,"[2,-1,2,-1,-1,-1,2,-1,-1]"
512,0.00186359,0.98918635,12,K12,256,-0.072002863,0|2|8,"[2,-1,2,-1,-1,-1,-1,-1,2]"
513,-0.000896121,0.40857878,66,K66,192,0.057963666,3|4|7,"[-1,-1,-1,2,2,-1,-1,2,-1]"
514,-0.000221772,0.901024,65,K65,64,0.156359178,3|4|6,"[-1,-1,-1,2,2,-1,2,-1,-1]"
515,-0.001341276,0.000769218,58,K58,192,0.228812312,2|5|6,"[-1,-1,2,-1,-1,2,2,-1,-1]"
516,-0.000528154,0.4666664,17,K17,64,0.342135101,0|3|8,"[2,-1,-1,2,-1,-1,-1,-1,2]"
517,0.003191535,0.9111712,18,K18,8,0.122547435,0|4|5,"[2,-1,-1,-1,2,2,-1,-1,-1]"
518,-0.00029899,0.20576304,2,K02,2,0.166933014,0|1|4,"[2,2,-1,-1,2,-1,-1,-1,-1]"
519,0.000408668,0.5603667,0,K00,1,0.083980246,0|1|2,"[2,2,2,-1,-1,-1,-1,-1,-1]"
520,-0.001356022,4.17E-17,67,K67,64,-0.143120504,3|4|8,"[-1,-1,-1,2,2,-1,-1,-1,2]"
521,0.00022043,0.4094839,52,K52,192,0.136220163,2|3|7,"[-1,-1,2,2,-1,-1,-1,2,-1]"
522,0.000176855,0.68285626,49,K49,48,0.378684483,2|3|4,"[-1,-1,2,2,2,-1,-1,-1,-1]"
523,-0.00122715,2.86E-09,38,K38,192,0.211367613,1|3|8,"[-1,2,-1,2,-1,-1,-1,-1,2]"
524,0.000137446,0.51714104,7,K07,8,-0.465122368,0|2|3,"[2,-1,2,2,-1,-1,-1,-1,-1]"
525,-0.000183654,1,60,K60,128,0.395601114,2|5|8,"[-1,-1,2,-1,-1,2,-1,-1,2]"
526,0.000627957,0.33906272,76,K76,32,-0.162748983,4|5|8,"[-1,-1,-1,-1,2,2,-1,-1,2]"
527,0.000402541,0.5639532,64,K64,192,0.570313961,3|4|5,"[-1,-1,-1,2,2,2,-1,-1,-1]"
528,0.003797748,0.003622902,47,K47,32,0.536855382,1|6|8,"[-1,2,-1,-1,-1,-1,2,-1,2]"
529,-0.000647671,0.39703622,69,K69,1,0.197293156,3|5|7,"[-1,-1,-1,2,-1,2,-1,2,-1]"
530,0.002353807,0.63354963,15,K15,48,0.469715445,0|3|6,"[2,-1,-1,2,-1,-1,2,-1,-1]"
531,0.004837328,0.10182196,37,K37,64,-0.157500073,1|3|7,"[-1,2,-1,2,-1,-1,-1,2,-1]"
532,0.000525373,0.59060436,30,K30,1,-0.014346435,1|2|5,"[-1,2,2,-1,-1,2,-1,-1,-1]"
533,0.005056619,0.7713468,50,K50,1,-0.13318342,2|3|5,"[-1,-1,2,2,-1,2,-1,-1,-1]"
534,-0.000305415,0.33448303,48,K48,1,0.112365895,1|7|8,"[-1,2,-1,-1,-1,-1,-1,2,2]"
535,0.0003363,0.7281846,77,K77,192,0.040392953,4|6|7,"[-1,-1,-1,-1,2,-1,2,2,-1]"
536,0.000329831,0.29773504,30,K30,8,0.079863784,1|2|5,"[-1,2,2,-1,-1,2,-1,-1,-1]"
537,-0.000148067,0.4919546,34,K34,256,0.051260276,1|3|4,"[-1,2,-1,2,2,-1,-1,-1,-1]"
538,-0.001338946,0.99999994,59,K59,32,0.370734326,2|5|7,"[-1,-1,2,-1,-1,2,-1,2,-1]"
539,-0.002505936,0.12833567,41,K41,1,0.023275086,1|4|7,"[-1,2,-1,-1,2,-1,-1,2,-1]"
540,0.00071993,0.5707176,78,K78,128,-0.082958489,4|6|8,"[-1,-1,-1,-1,2,-1,2,-1,2]"
541,-0.000690715,0.013220181,28,K28,192,0.041499115,1|2|3,"[-1,2,2,2,-1,-1,-1,-1,-1]"
542,-0.001545262,0.39653337,8,K08,4,0.125050355,0|2|4,"[2,-1,2,-1,2,-1,-1,-1,-1]"
543,0.004278269,0.83705324,54,K54,16,0.115320885,2|4|5,"[-1,-1,2,-1,2,2,-1,-1,-1]"
544,0.000524371,0.3096342,57,K57,96,-0.231751658,2|4|8,"[-1,-1,2,-1,2,-1,-1,-1,2]"
545,0.000868656,0.59919035,48,K48,64,-0.109756173,1|7|8,"[-1,2,-1,-1,-1,-1,-1,2,2]"
546,0.002995377,0.9954428,83,K83,64,-0.069168153,6|7|8,"[-1,-1,-1,-1,-1,-1,2,2,2]"
547,2.27E-05,0.2880551,62,K62,32,-0.218322794,2|6|8,"[-1,-1,2,-1,-1,-1,2,-1,2]"
548,0.001961375,0.65129024,63,K63,64,-0.381105778,2|7|8,"[-1,-1,2,-1,-1,-1,-1,2,2]"
549,-0.001111454,0.36843583,65,K65,16,-0.151599076,3|4|6,"[-1,-1,-1,2,2,-1,2,-1,-1]"
550,7.86E-05,0.48570997,73,K73,8,-0.630034689,3|7|8,"[-1,-1,-1,2,-1,-1,-1,2,2]"
551,0.000648965,0.5895803,10,K10,128,-0.081617435,0|2|6,"[2,-1,2,-1,-1,-1,2,-1,-1]"
552,0.004650617,0.06238011,44,K44,4,-0.317692682,1|5|7,"[-1,2,-1,-1,-1,2,-1,2,-1]"
553,0.0002879,0.56918675,72,K72,32,-0.092440909,3|6|8,"[-1,-1,-1,2,-1,-1,2,-1,2]"
554,0.004796293,0.99749374,23,K23,1,-0.049724342,0|5|7,"[2,-1,-1,-1,-1,2,-1,2,-1]"
555,-0.000701772,0.37526238,63,K63,128,0.434856583,2|7|8,"[-1,-1,2,-1,-1,-1,-1,2,2]"
556,-0.001352967,0.81054795,65,K65,48,0.455795957,3|4|6,"[-1,-1,-1,2,2,-1,2,-1,-1]"
557,-0.000389958,0.3866473,9,K09,48,0.51537213,0|2|5,"[2,-1,2,-1,-1,2,-1,-1,-1]"
558,3.37E-05,0.52383566,57,K57,1,0.011518236,2|4|8,"[-1,-1,2,-1,2,-1,-1,-1,2]"
559,0.001697486,0.70873356,33,K33,48,-0.126081123,1|2|8,"[-1,2,2,-1,-1,-1,-1,-1,2]"
560,-0.000499474,0.29239222,68,K68,4,0.190938135,3|5|6,"[-1,-1,-1,2,-1,2,2,-1,-1]"
561,0.002076213,0.74849653,24,K24,96,-0.25580151,0|5|8,"[2,-1,-1,-1,-1,2,-1,-1,2]"
562,-0.000288374,1.82E-05,81,K81,4,-0.032139409,5|6|8,"[-1,-1,-1,-1,-1,2,2,-1,2]"
563,0.000415432,0.44338688,59,K59,8,-0.192222673,2|5|7,"[-1,-1,2,-1,-1,2,-1,2,-1]"
564,0.004264416,0.90521014,18,K18,4,-0.023077288,0|4|5,"[2,-1,-1,-1,2,2,-1,-1,-1]"
565,-4.05E-06,0.34327474,83,K83,8,0.167773917,6|7|8,"[-1,-1,-1,-1,-1,-1,2,2,2]"
566,0.002206934,0.6072952,72,K72,64,-0.268272421,3|6|8,"[-1,-1,-1,2,-1,-1,2,-1,2]"
567,0.006530757,0.9880595,34,K34,16,0.049113893,1|3|4,"[-1,2,-1,2,2,-1,-1,-1,-1]"
568,0.00517682,0.13950293,22,K22,4,0.030957568,0|5|6,"[2,-1,-1,-1,-1,2,2,-1,-1]"
569,0.002457352,0.7036505,28,K28,16,0.038253616,1|2|3,"[-1,2,2,2,-1,-1,-1,-1,-1]"
570,0.000691323,0.21365277,80,K80,1,0.101506522,5|6|7,"[-1,-1,-1,-1,-1,2,2,2,-1]"
571,2.61E-05,0.4852957,40,K40,256,-0.108357207,1|4|6,"[-1,2,-1,-1,2,-1,2,-1,-1]"
572,0.002357801,0.7005987,22,K22,2,-0.034969392,0|5|6,"[2,-1,-1,-1,-1,2,2,-1,-1]"
573,-0.001003827,0.3133829,71,K71,4,-0.100563252,3|6|7,"[-1,-1,-1,2,-1,-1,2,2,-1]"
574,0.000500357,0.6000092,14,K14,32,-0.384625484,0|3|5,"[2,-1,-1,2,-1,2,-1,-1,-1]"
575,-0.000509856,1.52E-05,15,K15,4,0.337428547,0|3|6,"[2,-1,-1,2,-1,-1,2,-1,-1]"
576,5.31E-05,0.45707357,13,K13,8,0.14979054,0|3|4,"[2,-1,-1,2,2,-1,-1,-1,-1]"
577,0.001061471,0.6846571,60,K60,48,0.143487831,2|5|8,"[-1,-1,2,-1,-1,2,-1,-1,2]"
578,0.004103342,0.18032119,58,K58,96,-0.172454492,2|5|6,"[-1,-1,2,-1,-1,2,2,-1,-1]"
579,0.00010723,0.51677537,25,K25,128,-0.433077719,0|6|7,"[2,-1,-1,-1,-1,-1,2,2,-1]"
580,0.007382249,0.9343161,13,K13,4,0.047399716,0|3|4,"[2,-1,-1,2,2,-1,-1,-1,-1]"
581,0.000665252,0.42191434,58,K58,64,-0.232235571,2|5|6,"[-1,-1,2,-1,-1,2,2,-1,-1]"
582,0.001821161,0.7832562,59,K59,2,0.410028379,2|5|7,"[-1,-1,2,-1,-1,2,-1,2,-1]"
583,0.00573986,0.018224098,72,K72,128,0.396730448,3|6|8,"[-1,-1,-1,2,-1,-1,2,-1,2]"
584,0.000223835,0.46064642,29,K29,1,-0.139845403,1|2|4,"[-1,2,2,-1,2,-1,-1,-1,-1]"
585,0.00841417,0.89078027,30,K30,64,0.303458994,1|2|5,"[-1,2,2,-1,-1,2,-1,-1,-1]"
586,0.000317759,0.4149896,19,K19,1,0.157005141,0|4|6,"[2,-1,-1,-1,2,-1,2,-1,-1]"
587,0.002361743,0.6407351,73,K73,128,-0.032706996,3|7|8,"[-1,-1,-1,2,-1,-1,-1,2,2]"
588,0.00333865,0.9999934,40,K40,96,-0.384475106,1|4|6,"[-1,2,-1,-1,2,-1,2,-1,-1]"
589,0.000246507,0.2410424,52,K52,128,0.131946188,2|3|7,"[-1,-1,2,2,-1,-1,-1,2,-1]"
590,0.009712151,0.96499133,65,K65,32,0.199442375,3|4|6,"[-1,-1,-1,2,2,-1,2,-1,-1]"
591,0.005590963,0.003248814,46,K46,1,0.207984171,1|6|7,"[-1,2,-1,-1,-1,-1,2,2,-1]"
592,0.000146914,0.49872127,80,K80,256,-0.131989448,5|6|7,"[-1,-1,-1,-1,-1,2,2,2,-1]"
593,0.000298197,0.78922164,51,K51,256,0.008428054,2|3|6,"[-1,-1,2,2,-1,-1,2,-1,-1]"
594,0.000151932,0.44351786,17,K17,128,0.013790995,0|3|8,"[2,-1,-1,2,-1,-1,-1,-1,2]"
595,0.000249802,0.6594376,10,K10,128,0.010656263,0|2|6,"[2,-1,2,-1,-1,-1,2,-1,-1]"
596,0.006523317,0.009190702,82,K82,256,-0.141553883,5|7|8,"[-1,-1,-1,-1,-1,2,-1,2,2]"
597,-3.04E-05,0.44790915,15,K15,64,0.261816109,0|3|6,"[2,-1,-1,2,-1,-1,2,-1,-1]"
598,0.001927521,0.7929403,43,K43,256,0.142606975,1|5|6,"[-1,2,-1,-1,-1,2,2,-1,-1]"
599,0.003240604,0.18401402,52,K52,4,-0.085417999,2|3|7,"[-1,-1,2,2,-1,-1,-1,2,-1]"
600,-1.01E-06,0.53050673,23,K23,16,0.110182451,0|5|7,"[2,-1,-1,-1,-1,2,-1,2,-1]"
601,0.005738877,0.99865067,75,K75,4,0.240876694,4|5|7,"[-1,-1,-1,-1,2,2,-1,2,-1]"
602,-0.001150986,0.36872923,51,K51,64,0.091132722,2|3|6,"[-1,-1,2,2,-1,-1,2,-1,-1]"
603,-0.000519757,0.66428167,7,K07,8,0.084789239,0|2|3,"[2,-1,2,2,-1,-1,-1,-1,-1]"
604,0.009063198,0.06916087,9,K09,32,0.195022005,0|2|5,"[2,-1,2,-1,-1,2,-1,-1,-1]"
605,0.000226665,0.45877856,48,K48,48,-0.171039993,1|7|8,"[-1,2,-1,-1,-1,-1,-1,2,2]"
606,0.005296822,0.9672186,29,K29,64,0.17518619,1|2|4,"[-1,2,2,-1,2,-1,-1,-1,-1]"
607,0.000128008,0.21785091,78,K78,1,-0.147217857,4|6|8,"[-1,-1,-1,-1,2,-1,2,-1,2]"
608,-0.000576029,0.7534308,77,K77,256,0.059476275,4|6|7,"[-1,-1,-1,-1,2,-1,2,2,-1]"
609,0.00220123,0.9999995,57,K57,2,0.30501984,2|4|8,"[-1,-1,2,-1,2,-1,-1,-1,2]"
610,-0.0008261,0.34593078,45,K45,2,-0.09468335,1|5|8,"[-1,2,-1,-1,-1,2,-1,-1,2]"
611,0.00686895,0.9981391,65,K65,256,0.288535447,3|4|6,"[-1,-1,-1,2,2,-1,2,-1,-1]"
612,0.004875254,0.09043692,36,K36,16,0.171864075,1|3|6,"[-1,2,-1,2,-1,-1,2,-1,-1]"
613,-0.000127087,0.5472618,71,K71,64,0.341408472,3|6|7,"[-1,-1,-1,2,-1,-1,2,2,-1]"
614,0.002765305,0.8428114,68,K68,64,-0.338165027,3|5|6,"[-1,-1,-1,2,-1,2,2,-1,-1]"
615,0.008162758,0.00909209,41,K41,2,-0.911416152,1|4|7,"[-1,2,-1,-1,2,-1,-1,2,-1]"
616,-0.000317512,0.6317324,48,K48,192,-0.20572221,1|7|8,"[-1,2,-1,-1,-1,-1,-1,2,2]"
617,0.009001006,0.055812933,46,K46,8,0.514448326,1|6|7,"[-1,2,-1,-1,-1,-1,2,2,-1]"
618,-0.000191919,0.44649646,3,K03,8,0.095020277,0|1|5,"[2,2,-1,-1,-1,2,-1,-1,-1]"
619,0.004932175,0.8869877,75,K75,16,-0.035606912,4|5|7,"[-1,-1,-1,-1,2,2,-1,2,-1]"
620,0.00248426,0.17137164,67,K67,64,0.034276391,3|4|8,"[-1,-1,-1,2,2,-1,-1,-1,2]"
621,0.006386594,0.888089,5,K05,128,0.136971442,0|1|7,"[2,2,-1,-1,-1,-1,-1,2,-1]"
622,0.005953825,0.863144,29,K29,48,-0.010100882,1|2|4,"[-1,2,2,-1,2,-1,-1,-1,-1]"
623,0.000262286,0.406871,58,K58,8,0.581487921,2|5|6,"[-1,-1,2,-1,-1,2,2,-1,-1]"
624,-0.000343526,0.62074685,57,K57,192,0.060043643,2|4|8,"[-1,-1,2,-1,2,-1,-1,-1,2]"
625,0.000727007,0.2943107,63,K63,64,-0.283846397,2|7|8,"[-1,-1,2,-1,-1,-1,-1,2,2]"
626,0.000168379,0.4802159,15,K15,96,-0.275628969,0|3|6,"[2,-1,-1,2,-1,-1,2,-1,-1]"
627,0.008564013,0.9686005,70,K70,64,0.001920622,3|5|8,"[-1,-1,-1,2,-1,2,-1,-1,2]"
628,-0.00038581,0.39313188,0,K00,192,0.027627762,0|1|2,"[2,2,2,-1,-1,-1,-1,-1,-1]"
629,-0.000791651,0.61318356,45,K45,64,0.225006551,1|5|8,"[-1,2,-1,-1,-1,2,-1,-1,2]"
630,0.01026033,0.046121623,50,K50,96,0.254983284,2|3|5,"[-1,-1,2,2,-1,2,-1,-1,-1]"
631,5.68E-05,0.4668349,68,K68,32,0.272775272,3|5|6,"[-1,-1,-1,2,-1,2,2,-1,-1]"
632,0.00233131,0.8532105,10,K10,64,-0.214594603,0|2|6,"[2,-1,2,-1,-1,-1,2,-1,-1]"
633,-0.000424653,2.28E-25,78,K78,48,0.130137987,4|6|8,"[-1,-1,-1,-1,2,-1,2,-1,2]"
634,-0.000271207,0.55606455,12,K12,96,-0.128096119,0|2|8,"[2,-1,2,-1,-1,-1,-1,-1,2]"
635,-0.000576265,0.756859,4,K04,96,0.069104721,0|1|6,"[2,2,-1,-1,-1,-1,2,-1,-1]"
636,0.006882363,0.07734056,49,K49,64,-0.221766405,2|3|4,"[-1,-1,2,2,2,-1,-1,-1,-1]"
637,0.006220248,0.953299,0,K00,8,0.341147631,0|1|2,"[2,2,2,-1,-1,-1,-1,-1,-1]"
638,0.005132708,0.00065553,56,K56,192,0.359094493,2|4|7,"[-1,-1,2,-1,2,-1,-1,2,-1]"
639,-2.54E-06,0.48671597,12,K12,32,0.110429362,0|2|8,"[2,-1,2,-1,-1,-1,-1,-1,2]"
640,0.003475924,0.9026098,71,K71,32,-0.199010672,3|6|7,"[-1,-1,-1,2,-1,-1,2,2,-1]"
641,0.004048921,0.06270279,58,K58,192,0.278352392,2|5|6,"[-1,-1,2,-1,-1,2,2,-1,-1]"
642,-5.21E-05,0.5894421,45,K45,2,0.097641256,1|5|8,"[-1,2,-1,-1,-1,2,-1,-1,2]"
643,0.004229534,0.858032,13,K13,96,-0.296340666,0|3|4,"[2,-1,-1,2,2,-1,-1,-1,-1]"
644,-0.000557449,0.37712452,77,K77,256,0.179956,4|6|7,"[-1,-1,-1,-1,2,-1,2,2,-1]"
645,0.003566356,0.87468475,2,K02,4,0.233820552,0|1|4,"[2,2,-1,-1,2,-1,-1,-1,-1]"
646,0.004508453,0.1202692,81,K81,96,0.140533249,5|6|8,"[-1,-1,-1,-1,-1,2,2,-1,2]"
647,-6.17E-05,0.5444259,53,K53,16,-0.401309138,2|3|8,"[-1,-1,2,2,-1,-1,-1,-1,2]"
648,0.004838766,0.85947746,25,K25,4,0.188694422,0|6|7,"[2,-1,-1,-1,-1,-1,2,2,-1]"
649,-0.000763114,0.22980183,17,K17,4,0.25099347,0|3|8,"[2,-1,-1,2,-1,-1,-1,-1,2]"
650,-0.000509252,0.58624804,8,K08,8,-0.121031079,0|2|4,"[2,-1,2,-1,2,-1,-1,-1,-1]"
651,0.006999728,0.07614348,17,K17,4,0.279701918,0|3|8,"[2,-1,-1,2,-1,-1,-1,-1,2]"
652,-0.000345774,0.45267215,33,K33,32,0.141948339,1|2|8,"[-1,2,2,-1,-1,-1,-1,-1,2]"
653,0.009394334,0.9850393,57,K57,4,0.251099641,2|4|8,"[-1,-1,2,-1,2,-1,-1,-1,2]"
654,0.002149056,0.13265786,12,K12,192,-0.393255151,0|2|8,"[2,-1,2,-1,-1,-1,-1,-1,2]"
655,-0.000677457,0.57591146,45,K45,192,-0.050822869,1|5|8,"[-1,2,-1,-1,-1,2,-1,-1,2]"
656,-0.00101226,0.68148386,35,K35,8,0.132930394,1|3|5,"[-1,2,-1,2,-1,2,-1,-1,-1]"
657,-0.000650701,0.30607906,58,K58,1,-0.340118596,2|5|6,"[-1,-1,2,-1,-1,2,2,-1,-1]"
658,-0.001916587,0.7191882,5,K05,2,0.044228885,0|1|7,"[2,2,-1,-1,-1,-1,-1,2,-1]"
659,0.002067252,9.20E-06,29,K29,2,0.426583938,1|2|4,"[-1,2,2,-1,2,-1,-1,-1,-1]"
660,7.91E-05,0.45284736,4,K04,4,-0.353069744,0|1|6,"[2,2,-1,-1,-1,-1,2,-1,-1]"
661,0.007868481,0.997152,52,K52,256,0.352154876,2|3|7,"[-1,-1,2,2,-1,-1,-1,2,-1]"
662,-0.002352059,0.33624843,70,K70,1,0.22937109,3|5|8,"[-1,-1,-1,2,-1,2,-1,-1,2]"
663,0.000508763,0.7618489,54,K54,128,-0.19825192,2|4|5,"[-1,-1,2,-1,2,2,-1,-1,-1]"
664,0.008386139,0.026906792,24,K24,192,-0.179092241,0|5|8,"[2,-1,-1,-1,-1,2,-1,-1,2]"
665,-0.000601677,0.39441246,0,K00,2,-0.196678289,0|1|2,"[2,2,2,-1,-1,-1,-1,-1,-1]"
666,-1.36E-05,0.826097,33,K33,16,0.08827147,1|2|8,"[-1,2,2,-1,-1,-1,-1,-1,2]"
667,0.000285358,0.23108901,49,K49,96,-0.547153612,2|3|4,"[-1,-1,2,2,2,-1,-1,-1,-1]"
668,4.46E-05,0.5116028,1,K01,96,0.171631696,0|1|3,"[2,2,-1,2,-1,-1,-1,-1,-1]"
669,0.00737981,0.9257663,40,K40,128,-0.354197507,1|4|6,"[-1,2,-1,-1,2,-1,2,-1,-1]"
670,-0.001597367,0.2822159,82,K82,256,-0.079232504,5|7|8,"[-1,-1,-1,-1,-1,2,-1,2,2]"
671,0.00017495,0.70112526,42,K42,2,-0.096085258,1|4|8,"[-1,2,-1,-1,2,-1,-1,-1,2]"
672,0.001637819,0.2782341,63,K63,32,0.189954967,2|7|8,"[-1,-1,2,-1,-1,-1,-1,2,2]"
673,5.35E-05,0.4846156,36,K36,1,-0.232300441,1|3|6,"[-1,2,-1,2,-1,-1,2,-1,-1]"
674,0.001772778,0.7662256,57,K57,2,-0.192515675,2|4|8,"[-1,-1,2,-1,2,-1,-1,-1,2]"
675,-0.000185191,2.09E-28,83,K83,2,0.290216979,6|7|8,"[-1,-1,-1,-1,-1,-1,2,2,2]"
676,0.000397358,0.605048,28,K28,16,0.399442239,1|2|3,"[-1,2,2,2,-1,-1,-1,-1,-1]"
677,-0.000325147,0.9947865,47,K47,256,-0.00896489,1|6|8,"[-1,2,-1,-1,-1,-1,2,-1,2]"
678,-0.000498508,0.40188947,73,K73,32,-0.083286988,3|7|8,"[-1,-1,-1,2,-1,-1,-1,2,2]"
679,0.001274002,0.6756542,17,K17,96,0.063015675,0|3|8,"[2,-1,-1,2,-1,-1,-1,-1,2]"
680,-7.65E-05,0.13970223,56,K56,2,0.017335321,2|4|7,"[-1,-1,2,-1,2,-1,-1,2,-1]"
681,5.07E-05,0.5005965,79,K79,4,0.001284354,4|7|8,"[-1,-1,-1,-1,2,-1,-1,2,2]"
682,0.000265665,0.9800574,27,K27,32,-0.241618377,0|7|8,"[2,-1,-1,-1,-1,-1,-1,2,2]"
683,0.000738951,0.09641995,3,K03,1,-0.536818161,0|1|5,"[2,2,-1,-1,-1,2,-1,-1,-1]"
684,0.000848865,0.6827525,70,K70,1,0.052001777,3|5|8,"[-1,-1,-1,2,-1,2,-1,-1,2]"
685,0.002329343,0.03136873,24,K24,64,-0.019006901,0|5|8,"[2,-1,-1,-1,-1,2,-1,-1,2]"
686,-0.000393816,0.2770483,19,K19,96,0.267793836,0|4|6,"[2,-1,-1,-1,2,-1,2,-1,-1]"
687,0.004217386,0.81895775,66,K66,64,0.261986462,3|4|7,"[-1,-1,-1,2,2,-1,-1,2,-1]"
688,-0.001239289,0.2582129,74,K74,1,0.38899025,4|5|6,"[-1,-1,-1,-1,2,2,2,-1,-1]"
689,0.000132942,0.5255064,56,K56,48,-0.128370726,2|4|7,"[-1,-1,2,-1,2,-1,-1,2,-1]"
690,3.50E-05,0.9102897,54,K54,64,0.166957744,2|4|5,"[-1,-1,2,-1,2,2,-1,-1,-1]"
691,-0.00097693,0.36037973,15,K15,2,-0.309130368,0|3|6,"[2,-1,-1,2,-1,-1,2,-1,-1]"
692,0.002289889,0.7955196,35,K35,4,0.052443803,1|3|5,"[-1,2,-1,2,-1,2,-1,-1,-1]"
693,-0.002167728,0.25282913,62,K62,256,0.111173535,2|6|8,"[-1,-1,2,-1,-1,-1,2,-1,2]"
694,-3.08E-05,0.45777792,10,K10,16,-0.186675022,0|2|6,"[2,-1,2,-1,-1,-1,2,-1,-1]"
695,0.001416691,0.89110833,25,K25,16,-0.037555145,0|6|7,"[2,-1,-1,-1,-1,-1,2,2,-1]"
696,0.000928746,0.07757032,72,K72,16,0.578024069,3|6|8,"[-1,-1,-1,2,-1,-1,2,-1,2]"
697,0.001795575,0.658292,50,K50,192,-0.216632346,2|3|5,"[-1,-1,2,2,-1,2,-1,-1,-1]"
698,-0.000370733,0.9992982,66,K66,8,0.239443621,3|4|7,"[-1,-1,-1,2,2,-1,-1,2,-1]"
699,-0.00070578,0.375153,33,K33,8,-0.099928114,1|2|8,"[-1,2,2,-1,-1,-1,-1,-1,2]"
700,0.002431291,0.8441448,61,K61,4,0.205425681,2|6|7,"[-1,-1,2,-1,-1,-1,2,2,-1]"
701,0.001572922,0.20828386,40,K40,48,-0.634422903,1|4|6,"[-1,2,-1,-1,2,-1,2,-1,-1]"
702,0.000129142,0.5101189,70,K70,256,-0.329777141,3|5|8,"[-1,-1,-1,2,-1,2,-1,-1,2]"
703,0.001453614,0.7640815,52,K52,48,-0.073325714,2|3|7,"[-1,-1,2,2,-1,-1,-1,2,-1]"
704,0.000827221,0.1946419,7,K07,192,0.388246023,0|2|3,"[2,-1,2,2,-1,-1,-1,-1,-1]"
705,0.00079506,0.6800629,6,K06,256,-0.053173468,0|1|8,"[2,2,-1,-1,-1,-1,-1,-1,2]"
706,0.002772068,0.018344909,47,K47,128,-0.31310779,1|6|8,"[-1,2,-1,-1,-1,-1,2,-1,2]"
707,-0.00050199,0.42930973,62,K62,192,-0.121087004,2|6|8,"[-1,-1,2,-1,-1,-1,2,-1,2]"
708,0.001932718,0.7288525,26,K26,256,0.172832827,0|6|8,"[2,-1,-1,-1,-1,-1,2,-1,2]"
709,-0.000386551,0.32853922,23,K23,96,-0.389337718,0|5|7,"[2,-1,-1,-1,-1,2,-1,2,-1]"
710,9.13E-05,0.53237987,47,K47,64,-0.001025173,1|6|8,"[-1,2,-1,-1,-1,-1,2,-1,2]"
711,0.003653639,0.79505575,4,K04,48,-0.062763232,0|1|6,"[2,2,-1,-1,-1,-1,2,-1,-1]"
712,0.000498679,0.21722846,52,K52,4,-0.113164427,2|3|7,"[-1,-1,2,2,-1,-1,-1,2,-1]"
713,0.001668759,0.68023187,17,K17,48,0.083905381,0|3|8,"[2,-1,-1,2,-1,-1,-1,-1,2]"
714,-0.0017643,0.25242594,57,K57,2,-0.195373024,2|4|8,"[-1,-1,2,-1,2,-1,-1,-1,2]"
715,1.54E-05,0.48858348,9,K09,32,0.126952218,0|2|5,"[2,-1,2,-1,-1,2,-1,-1,-1]"
716,0.002238821,0.8280657,6,K06,2,0.14209973,0|1|8,"[2,2,-1,-1,-1,-1,-1,-1,2]"
717,-0.000923857,0.3444564,9,K09,8,0.409373908,0|2|5,"[2,-1,2,-1,-1,2,-1,-1,-1]"
718,0.000255511,0.5546434,48,K48,8,0.075365961,1|7|8,"[-1,2,-1,-1,-1,-1,-1,2,2]"
719,-0.000660195,0.25924596,61,K61,96,-0.021153558,2|6|7,"[-1,-1,2,-1,-1,-1,2,2,-1]"
720,-0.000784677,0.37707055,52,K52,256,-0.272156194,2|3|7,"[-1,-1,2,2,-1,-1,-1,2,-1]"
721,0.000881437,0.59477544,10,K10,2,-0.133256938,0|2|6,"[2,-1,2,-1,-1,-1,2,-1,-1]"
722,-4.68E-05,0.40188533,15,K15,4,-0.317304651,0|3|6,"[2,-1,-1,2,-1,-1,2,-1,-1]"
723,0.001472791,0.61498797,51,K51,8,0.330376961,2|3|6,"[-1,-1,2,2,-1,-1,2,-1,-1]"
724,-0.00300224,0.96292984,57,K57,256,-0.561558885,2|4|8,"[-1,-1,2,-1,2,-1,-1,-1,2]"
725,-0.00083832,0.36323088,71,K71,128,0.102349101,3|6|7,"[-1,-1,-1,2,-1,-1,2,2,-1]"
726,0.000837917,0.6431119,39,K39,32,0.113191591,1|4|5,"[-1,2,-1,-1,2,2,-1,-1,-1]"
727,-0.001146258,0.2037645,3,K03,128,0.161595189,0|1|5,"[2,2,-1,-1,-1,2,-1,-1,-1]"
728,-0.00016179,0.4356605,17,K17,48,-0.103984214,0|3|8,"[2,-1,-1,2,-1,-1,-1,-1,2]"
729,0.002698315,0.8624438,30,K30,256,0.537690425,1|2|5,"[-1,2,2,-1,-1,2,-1,-1,-1]"
730,-0.000405286,0.41021186,3,K03,48,-0.076212059,0|1|5,"[2,2,-1,-1,-1,2,-1,-1,-1]"
731,0.000448302,0.57846546,69,K69,4,-0.381775702,3|5|7,"[-1,-1,-1,2,-1,2,-1,2,-1]"
732,-0.000751206,0.9999944,27,K27,96,-0.158294325,0|7|8,"[2,-1,-1,-1,-1,-1,-1,2,2]"
733,-0.001217125,0.32535112,30,K30,2,-0.177945983,1|2|5,"[-1,2,2,-1,-1,2,-1,-1,-1]"
734,0.000695356,0.7657898,41,K41,192,0.316456925,1|4|7,"[-1,2,-1,-1,2,-1,-1,2,-1]"
735,-3.62E-05,0.2745557,41,K41,128,-0.008755368,1|4|7,"[-1,2,-1,-1,2,-1,-1,2,-1]"
736,-7.68E-06,0.49814376,12,K12,16,-0.221396954,0|2|8,"[2,-1,2,-1,-1,-1,-1,-1,2]"
737,0.003649536,0.8655579,30,K30,192,-0.22201388,1|2|5,"[-1,2,2,-1,-1,2,-1,-1,-1]"
738,-0.000914447,0.27490655,81,K81,8,-0.034250725,5|6|8,"[-1,-1,-1,-1,-1,2,2,-1,2]"
739,0.00113513,0.6960942,61,K61,96,-0.109820606,2|6|7,"[-1,-1,2,-1,-1,-1,2,2,-1]"
740,-0.00261775,4.13E-05,27,K27,192,-0.021155252,0|7|8,"[2,-1,-1,-1,-1,-1,-1,2,2]"
741,-0.001528871,0.3609512,62,K62,48,0.248120294,2|6|8,"[-1,-1,2,-1,-1,-1,2,-1,2]"
742,0.003452887,0.8273649,16,K16,16,-0.328598743,0|3|7,"[2,-1,-1,2,-1,-1,-1,2,-1]"
743,-4.78E-06,0.16089459,34,K34,8,-0.155473519,1|3|4,"[-1,2,-1,2,2,-1,-1,-1,-1]"
744,0.000522357,0.5835192,32,K32,128,0.065671912,1|2|7,"[-1,2,2,-1,-1,-1,-1,2,-1]"
745,-0.001560519,1,0,K00,4,-0.350458927,0|1|2,"[2,2,2,-1,-1,-1,-1,-1,-1]"
746,0.000117829,0.2766723,51,K51,16,0.166328448,2|3|6,"[-1,-1,2,2,-1,-1,2,-1,-1]"
747,0.004186647,0.77123386,72,K72,2,0.34848573,3|6|8,"[-1,-1,-1,2,-1,-1,2,-1,2]"
748,0.001479044,0.094415486,31,K31,1,0.050261915,1|2|6,"[-1,2,2,-1,-1,-1,2,-1,-1]"
749,-4.76E-05,0.4782665,17,K17,32,0.22317617,0|3|8,"[2,-1,-1,2,-1,-1,-1,-1,2]"
750,0.000815676,0.609904,27,K27,256,-0.054857025,0|7|8,"[2,-1,-1,-1,-1,-1,-1,2,2]"
751,-0.001583201,0.22606364,59,K59,192,0.035904303,2|5|7,"[-1,-1,2,-1,-1,2,-1,2,-1]"
752,0.001033982,0.60372686,34,K34,4,0.1011655,1|3|4,"[-1,2,-1,2,2,-1,-1,-1,-1]"
753,0.003226978,0.020170804,72,K72,8,0.027150005,3|6|8,"[-1,-1,-1,2,-1,-1,2,-1,2]"
754,-0.00135441,0.3222317,21,K21,48,0.334391796,0|4|8,"[2,-1,-1,-1,2,-1,-1,-1,2]"
755,0.002199104,0.8813905,31,K31,1,-0.071506688,1|2|6,"[-1,2,2,-1,-1,-1,2,-1,-1]"
756,0.003699805,0.2625011,2,K02,1,0.260280904,0|1|4,"[2,2,-1,-1,2,-1,-1,-1,-1]"
757,1.70E-05,0.5212201,10,K10,96,-0.062826776,0|2|6,"[2,-1,2,-1,-1,-1,2,-1,-1]"
758,0.003781946,0.99856436,43,K43,64,0.42519513,1|5|6,"[-1,2,-1,-1,-1,2,2,-1,-1]"
759,-0.000156166,0.41697502,33,K33,48,0.377801742,1|2|8,"[-1,2,2,-1,-1,-1,-1,-1,2]"
760,0.00414023,0.95990175,45,K45,128,0.129742322,1|5|8,"[-1,2,-1,-1,-1,2,-1,-1,2]"
761,0.00554314,0.034821246,14,K14,16,-0.29238585,0|3|5,"[2,-1,-1,2,-1,2,-1,-1,-1]"
762,0.000882585,0.3878557,26,K26,48,-0.173813016,0|6|8,"[2,-1,-1,-1,-1,-1,2,-1,2]"
763,0.001513865,0.81669366,16,K16,256,-0.611159306,0|3|7,"[2,-1,-1,2,-1,-1,-1,2,-1]"
764,0.005902188,0.034426495,31,K31,48,0.232859074,1|2|6,"[-1,2,2,-1,-1,-1,2,-1,-1]"
765,-0.000238007,0.6159894,78,K78,128,-0.087601993,4|6|8,"[-1,-1,-1,-1,2,-1,2,-1,2]"
766,0.002090722,0.8043154,13,K13,64,-0.157810634,0|3|4,"[2,-1,-1,2,2,-1,-1,-1,-1]"
767,0.000301336,0.46253377,71,K71,64,0.027929084,3|6|7,"[-1,-1,-1,2,-1,-1,2,2,-1]"
768,0.000783279,0.7257935,73,K73,16,-0.331530412,3|7|8,"[-1,-1,-1,2,-1,-1,-1,2,2]"
769,-0.000430204,0.30442053,17,K17,96,-0.096798266,0|3|8,"[2,-1,-1,2,-1,-1,-1,-1,2]"
770,5.71E-05,0.49389568,3,K03,4,0.061845785,0|1|5,"[2,2,-1,-1,-1,2,-1,-1,-1]"
771,0.001398541,0.8075086,43,K43,48,0.254672372,1|5|6,"[-1,2,-1,-1,-1,2,2,-1,-1]"
772,-0.000167854,0.29627135,52,K52,256,0.564944733,2|3|7,"[-1,-1,2,2,-1,-1,-1,2,-1]"
773,-0.000289229,0.5786612,40,K40,16,-0.175487209,1|4|6,"[-1,2,-1,-1,2,-1,2,-1,-1]"
774,-0.00031693,0.34826759,55,K55,8,0.247491344,2|4|6,"[-1,-1,2,-1,2,-1,2,-1,-1]"
775,-0.000473832,0.35968933,3,K03,1,-0.127325814,0|1|5,"[2,2,-1,-1,-1,2,-1,-1,-1]"
776,0.00172739,0.8296547,39,K39,192,-0.231329694,1|4|5,"[-1,2,-1,-1,2,2,-1,-1,-1]"
777,0.008125243,0.025270674,82,K82,8,0.110371977,5|7|8,"[-1,-1,-1,-1,-1,2,-1,2,2]"
778,3.23E-05,0.5190874,39,K39,192,0.007366204,1|4|5,"[-1,2,-1,-1,2,2,-1,-1,-1]"
779,0.001513767,0.8620631,13,K13,48,-0.349945801,0|3|4,"[2,-1,-1,2,2,-1,-1,-1,-1]"
780,0.001172207,0.1732885,3,K03,192,0.011748957,0|1|5,"[2,2,-1,-1,-1,2,-1,-1,-1]"
781,-0.000394773,0.57481134,4,K04,32,0.503650744,0|1|6,"[2,2,-1,-1,-1,-1,2,-1,-1]"
782,0.003372416,0.008267287,28,K28,16,-0.159812849,1|2|3,"[-1,2,2,2,-1,-1,-1,-1,-1]"
783,0.000704018,0.27167273,77,K77,64,-0.159245005,4|6|7,"[-1,-1,-1,-1,2,-1,2,2,-1]"
784,0.002830186,0.91092473,25,K25,192,0.333039359,0|6|7,"[2,-1,-1,-1,-1,-1,2,2,-1]"
785,0.001331163,0.16343693,49,K49,8,0.094900782,2|3|4,"[-1,-1,2,2,2,-1,-1,-1,-1]"
786,-0.000258469,0.5571615,74,K74,256,-0.146279546,4|5|6,"[-1,-1,-1,-1,2,2,2,-1,-1]"
787,0.003161932,0.981115,83,K83,96,0.155210849,6|7|8,"[-1,-1,-1,-1,-1,-1,2,2,2]"
788,0.000332419,0.37804633,41,K41,48,-0.089996604,1|4|7,"[-1,2,-1,-1,2,-1,-1,2,-1]"
789,-0.000173172,0.6685035,2,K02,1,-0.152183459,0|1|4,"[2,2,-1,-1,2,-1,-1,-1,-1]"
790,0.00086128,0.27520058,10,K10,16,0.134875002,0|2|6,"[2,-1,2,-1,-1,-1,2,-1,-1]"
791,0.003588108,0.79541236,28,K28,16,-0.178985451,1|2|3,"[-1,2,2,2,-1,-1,-1,-1,-1]"
792,0.002913046,0.8946123,16,K16,64,0.228779511,0|3|7,"[2,-1,-1,2,-1,-1,-1,2,-1]"
793,0.001853814,0.20056565,57,K57,192,0.426967924,2|4|8,"[-1,-1,2,-1,2,-1,-1,-1,2]"
794,-0.000242247,0.62747,77,K77,1,-0.123227189,4|6|7,"[-1,-1,-1,-1,2,-1,2,2,-1]"
795,0.001626349,0.001182472,36,K36,8,-0.132301931,1|3|6,"[-1,2,-1,2,-1,-1,2,-1,-1]"
796,-0.000146632,0.38129383,9,K09,1,-0.141268469,0|2|5,"[2,-1,2,-1,-1,2,-1,-1,-1]"
797,0.004350246,0.8604447,81,K81,1,0.025674032,5|6|8,"[-1,-1,-1,-1,-1,2,2,-1,2]"
798,0.000371161,0.13795133,44,K44,192,-0.15922872,1|5|7,"[-1,2,-1,-1,-1,2,-1,2,-1]"
799,0.000503999,0.8191401,8,K08,256,0.055981221,0|2|4,"[2,-1,2,-1,2,-1,-1,-1,-1]"
800,0.002284196,0.7621997,70,K70,64,0.226691164,3|5|8,"[-1,-1,-1,2,-1,2,-1,-1,2]"
801,-0.000561463,0.37214893,62,K62,16,-0.235215717,2|6|8,"[-1,-1,2,-1,-1,-1,2,-1,2]"
802,0.002894584,0.92641664,37,K37,64,0.087438851,1|3|7,"[-1,2,-1,2,-1,-1,-1,2,-1]"
803,0.002495431,0.061344508,44,K44,4,0.315128731,1|5|7,"[-1,2,-1,-1,-1,2,-1,2,-1]"
804,0.000134175,0.47997835,58,K58,128,0.238957141,2|5|6,"[-1,-1,2,-1,-1,2,2,-1,-1]"
805,-0.000983439,0.6530592,11,K11,1,-0.190892047,0|2|7,"[2,-1,2,-1,-1,-1,-1,2,-1]"
806,-7.12E-05,0.3633298,74,K74,96,0.342932451,4|5|6,"[-1,-1,-1,-1,2,2,2,-1,-1]"
807,-0.000752706,0.61146766,29,K29,96,-0.203210211,1|2|4,"[-1,2,2,-1,2,-1,-1,-1,-1]"
808,0.004969715,0.029185582,45,K45,256,0.279427002,1|5|8,"[-1,2,-1,-1,-1,2,-1,-1,2]"
809,0.000109686,0.4750784,22,K22,1,-0.35710305,0|5|6,"[2,-1,-1,-1,-1,2,2,-1,-1]"
810,-0.000559055,0.7003359,71,K71,192,0.181543765,3|6|7,"[-1,-1,-1,2,-1,-1,2,2,-1]"
811,0.002585086,0.16869728,67,K67,2,-0.042559781,3|4|8,"[-1,-1,-1,2,2,-1,-1,-1,2]"
812,-4.44E-05,0.5342004,43,K43,1,-0.050853,1|5|6,"[-1,2,-1,-1,-1,2,2,-1,-1]"
813,0.001717807,0.794632,29,K29,64,-0.066717538,1|2|4,"[-1,2,2,-1,2,-1,-1,-1,-1]"
814,-1.87E-05,0.42815247,19,K19,64,-0.209575925,0|4|6,"[2,-1,-1,-1,2,-1,2,-1,-1]"
815,-0.000362439,0.59655213,57,K57,48,0.139529621,2|4|8,"[-1,-1,2,-1,2,-1,-1,-1,2]"
816,6.36E-06,0.1901912,79,K79,256,0.066411826,4|7|8,"[-1,-1,-1,-1,2,-1,-1,2,2]"
817,0.000178968,0.35957882,64,K64,48,0.228350014,3|4|5,"[-1,-1,-1,2,2,2,-1,-1,-1]"
818,0.001221779,0.6960328,16,K16,256,-0.176973868,0|3|7,"[2,-1,-1,2,-1,-1,-1,2,-1]"
819,0.00045113,0.2253831,78,K78,256,0.204836996,4|6|8,"[-1,-1,-1,-1,2,-1,2,-1,2]"
820,-2.28E-05,0.53655034,44,K44,256,0.273681057,1|5|7,"[-1,2,-1,-1,-1,2,-1,2,-1]"
821,0.001633678,0.9763144,27,K27,4,-0.193450774,0|7|8,"[2,-1,-1,-1,-1,-1,-1,2,2]"
822,-0.000142408,0.26377603,54,K54,64,0.332005407,2|4|5,"[-1,-1,2,-1,2,2,-1,-1,-1]"
823,0.001683948,0.7998161,32,K32,1,0.403535536,1|2|7,"[-1,2,2,-1,-1,-1,-1,2,-1]"
824,0.00015056,0.3317782,11,K11,2,-0.263468846,0|2|7,"[2,-1,2,-1,-1,-1,-1,2,-1]"
825,2.55E-05,0.5086665,77,K77,192,-0.198657695,4|6|7,"[-1,-1,-1,-1,2,-1,2,2,-1]"
826,0.000299157,0.7779132,55,K55,128,0.632031395,2|4|6,"[-1,-1,2,-1,2,-1,2,-1,-1]"
827,-0.000547604,0.33650345,8,K08,1,0.117000509,0|2|4,"[2,-1,2,-1,2,-1,-1,-1,-1]"
828,-0.000432198,0.6786383,62,K62,64,0.000361977,2|6|8,"[-1,-1,2,-1,-1,-1,2,-1,2]"
829,0.002147516,0.004262051,24,K24,48,-0.193575205,0|5|8,"[2,-1,-1,-1,-1,2,-1,-1,2]"
830,-0.000565635,0.25144413,11,K11,48,0.19669792,0|2|7,"[2,-1,2,-1,-1,-1,-1,2,-1]"
831,0.002406342,0.8275623,75,K75,64,-0.074924184,4|5|7,"[-1,-1,-1,-1,2,2,-1,2,-1]"
832,-0.000240709,0.22716416,45,K45,128,0.131704794,1|5|8,"[-1,2,-1,-1,-1,2,-1,-1,2]"
833,-0.000544163,0.5878699,21,K21,192,0.085388959,0|4|8,"[2,-1,-1,-1,2,-1,-1,-1,2]"
834,0.001961854,0.7371628,82,K82,96,0.150499018,5|7|8,"[-1,-1,-1,-1,-1,2,-1,2,2]"
835,0.001563591,0.16847286,33,K33,192,0.196803859,1|2|8,"[-1,2,2,-1,-1,-1,-1,-1,2]"
836,0.000199888,0.6127134,31,K31,32,-0.034289283,1|2|6,"[-1,2,2,-1,-1,-1,2,-1,-1]"
837,4.17E-05,0.40139604,4,K04,4,0.147526489,0|1|6,"[2,2,-1,-1,-1,-1,2,-1,-1]"
838,0.000206422,0.45744872,13,K13,1,0.180089677,0|3|4,"[2,-1,-1,2,2,-1,-1,-1,-1]"
839,0.004319289,0.90684724,64,K64,4,-0.029559545,3|4|5,"[-1,-1,-1,2,2,2,-1,-1,-1]"
840,0.007901438,0.18164074,9,K09,96,-0.143731926,0|2|5,"[2,-1,2,-1,-1,2,-1,-1,-1]"
841,0.001294428,0.6414856,24,K24,48,0.097876391,0|5|8,"[2,-1,-1,-1,-1,2,-1,-1,2]"
842,0.00204568,0.9856678,19,K19,128,0.416035383,0|4|6,"[2,-1,-1,-1,2,-1,2,-1,-1]"
843,0.000211952,0.45985794,35,K35,64,-0.014330311,1|3|5,"[-1,2,-1,2,-1,2,-1,-1,-1]"
844,0.003365061,0.7984689,4,K04,96,-0.084135174,0|1|6,"[2,2,-1,-1,-1,-1,2,-1,-1]"
845,0.006766218,0.11020099,6,K06,32,0.105921375,0|1|8,"[2,2,-1,-1,-1,-1,-1,-1,2]"
846,1.16E-05,0.5254831,33,K33,64,-0.082445154,1|2|8,"[-1,2,2,-1,-1,-1,-1,-1,2]"
847,0.006703698,0.95003515,3,K03,32,0.050283279,0|1|5,"[2,2,-1,-1,-1,2,-1,-1,-1]"
848,0.000588412,0.31415012,0,K00,16,0.02194912,0|1|2,"[2,2,2,-1,-1,-1,-1,-1,-1]"
849,0.001166405,0.6892004,14,K14,32,-0.109048816,0|3|5,"[2,-1,-1,2,-1,2,-1,-1,-1]"
850,0.000549623,0.32453817,59,K59,192,0.114101534,2|5|7,"[-1,-1,2,-1,-1,2,-1,2,-1]"
851,0.001135234,0.3935903,30,K30,48,-0.181835288,1|2|5,"[-1,2,2,-1,-1,2,-1,-1,-1]"
852,0.006145303,0.8309081,23,K23,128,-0.155467532,0|5|7,"[2,-1,-1,-1,-1,2,-1,2,-1]"
853,0.000333426,0.3057115,20,K20,2,-0.386772327,0|4|7,"[2,-1,-1,-1,2,-1,-1,2,-1]"
854,2.18E-05,0.51668835,12,K12,64,-0.171579003,0|2|8,"[2,-1,2,-1,-1,-1,-1,-1,2]"
855,0.000752183,0.99994147,28,K28,96,0.070446545,1|2|3,"[-1,2,2,2,-1,-1,-1,-1,-1]"
856,0.0002388,0.4588024,10,K10,16,0.300241626,0|2|6,"[2,-1,2,-1,-1,-1,2,-1,-1]"
857,0.004686349,0.8388443,20,K20,192,0.751623629,0|4|7,"[2,-1,-1,-1,2,-1,-1,2,-1]"
858,0.000337713,0.25630072,71,K71,256,-0.016767849,3|6|7,"[-1,-1,-1,2,-1,-1,2,2,-1]"
859,9.69E-06,0.48965296,79,K79,48,-0.098058199,4|7|8,"[-1,-1,-1,-1,2,-1,-1,2,2]"
860,0.002869691,0.91761595,53,K53,128,0.485328645,2|3|8,"[-1,-1,2,2,-1,-1,-1,-1,2]"
861,-0.000557707,0.17369173,20,K20,48,-0.34397213,0|4|7,"[2,-1,-1,-1,2,-1,-1,2,-1]"
862,0.000591473,0.6063307,7,K07,2,0.221956695,0|2|3,"[2,-1,2,2,-1,-1,-1,-1,-1]"
863,0.002599316,0.06610035,52,K52,8,0.078275048,2|3|7,"[-1,-1,2,2,-1,-1,-1,2,-1]"
864,7.85E-05,0.47027478,79,K79,128,0.400322929,4|7|8,"[-1,-1,-1,-1,2,-1,-1,2,2]"
865,0.002574896,0.75303125,43,K43,1,-0.045279992,1|5|6,"[-1,2,-1,-1,-1,2,2,-1,-1]"
866,0.002602237,0.24388102,76,K76,8,0.044312543,4|5|8,"[-1,-1,-1,-1,2,2,-1,-1,2]"
867,2.81E-05,0.5524079,58,K58,192,-0.413718853,2|5|6,"[-1,-1,2,-1,-1,2,2,-1,-1]"
868,0.003573943,0.74690306,11,K11,8,-0.15476808,0|2|7,"[2,-1,2,-1,-1,-1,-1,2,-1]"
869,0.001149864,0.36267284,72,K72,128,-0.017587702,3|6|8,"[-1,-1,-1,2,-1,-1,2,-1,2]"
870,0.000715815,0.7148164,18,K18,4,-0.146949896,0|4|5,"[2,-1,-1,-1,2,2,-1,-1,-1]"
871,4.16E-05,0.008224441,65,K65,4,-0.185726124,3|4|6,"[-1,-1,-1,2,2,-1,2,-1,-1]"
872,0.000137953,0.4717115,21,K21,64,0.241808613,0|4|8,"[2,-1,-1,-1,2,-1,-1,-1,2]"
873,0.003159449,0.8763353,24,K24,1,-0.374218409,0|5|8,"[2,-1,-1,-1,-1,2,-1,-1,2]"
874,0.001771407,0.33148184,18,K18,128,-0.426413061,0|4|5,"[2,-1,-1,-1,2,2,-1,-1,-1]"
875,-0.000145713,0.6521821,37,K37,8,-0.384637554,1|3|7,"[-1,2,-1,2,-1,-1,-1,2,-1]"
876,0.005438833,0.94925284,17,K17,16,-0.208661068,0|3|8,"[2,-1,-1,2,-1,-1,-1,-1,2]"
877,0.000545922,0.33924472,26,K26,256,-0.266183562,0|6|8,"[2,-1,-1,-1,-1,-1,2,-1,2]"
878,0.002943421,0.77896297,77,K77,64,-0.114127484,4|6|7,"[-1,-1,-1,-1,2,-1,2,2,-1]"
879,0.003212685,0.08996708,65,K65,2,-0.213744026,3|4|6,"[-1,-1,-1,2,2,-1,2,-1,-1]"
880,4.68E-05,0.50311697,26,K26,1,0.381277708,0|6|8,"[2,-1,-1,-1,-1,-1,2,-1,2]"
881,0.000746166,0.68886125,21,K21,32,-0.215504924,0|4|8,"[2,-1,-1,-1,2,-1,-1,-1,2]"
882,0.000645579,0.3741075,70,K70,4,-0.082428206,3|5|8,"[-1,-1,-1,2,-1,2,-1,-1,2]"
883,0.000444755,0.71559995,39,K39,96,0.097510435,1|4|5,"[-1,2,-1,-1,2,2,-1,-1,-1]"
884,-0.001605053,4.82E-08,71,K71,96,0.525074095,3|6|7,"[-1,-1,-1,2,-1,-1,2,2,-1]"
885,8.38E-05,0.4564739,63,K63,256,-0.075023841,2|7|8,"[-1,-1,2,-1,-1,-1,-1,2,2]"
886,0.001802498,0.7696076,48,K48,64,-0.165930818,1|7|8,"[-1,2,-1,-1,-1,-1,-1,2,2]"
887,0.000866245,0.34598488,36,K36,16,0.209581859,1|3|6,"[-1,2,-1,2,-1,-1,2,-1,-1]"
888,-0.000148651,0.5671197,23,K23,128,-0.131073535,0|5|7,"[2,-1,-1,-1,-1,2,-1,2,-1]"
889,0.005925934,0.9539003,58,K58,8,-0.410772424,2|5|6,"[-1,-1,2,-1,-1,2,2,-1,-1]"
890,0.000436185,0.4087027,14,K14,32,-0.406133306,0|3|5,"[2,-1,-1,2,-1,2,-1,-1,-1]"
891,0.000925499,0.63069546,51,K51,16,-0.138154418,2|3|6,"[-1,-1,2,2,-1,-1,2,-1,-1]"
892,0.000334262,0.30760333,47,K47,96,-0.364544719,1|6|8,"[-1,2,-1,-1,-1,-1,2,-1,2]"
893,3.80E-06,0.4712626,24,K24,128,0.235044226,0|5|8,"[2,-1,-1,-1,-1,2,-1,-1,2]"
894,0.002188239,0.7271573,54,K54,8,0.078444423,2|4|5,"[-1,-1,2,-1,2,2,-1,-1,-1]"
895,0.000515219,0.24840891,31,K31,1,0.385044097,1|2|6,"[-1,2,2,-1,-1,-1,2,-1,-1]"
896,2.54E-07,0.5490172,2,K02,32,0.034011302,0|1|4,"[2,2,-1,-1,2,-1,-1,-1,-1]"
897,-0.000757109,0.002524118,48,K48,96,-0.100441034,1|7|8,"[-1,2,-1,-1,-1,-1,-1,2,2]"
898,-0.00018529,0.3824983,29,K29,4,0.150757265,1|2|4,"[-1,2,2,-1,2,-1,-1,-1,-1]"
899,0.003638946,0.8453177,39,K39,16,0.144177059,1|4|5,"[-1,2,-1,-1,2,2,-1,-1,-1]"
900,0.000941451,0.3025893,55,K55,192,-0.236109448,2|4|6,"[-1,-1,2,-1,2,-1,2,-1,-1]"
901,0.000414441,0.60266197,60,K60,2,0.400113789,2|5|8,"[-1,-1,2,-1,-1,2,-1,-1,2]"
902,0.002472892,0.8918866,82,K82,16,0.036573288,5|7|8,"[-1,-1,-1,-1,-1,2,-1,2,2]"
903,0.001798226,0.278767,57,K57,64,0.189930114,2|4|8,"[-1,-1,2,-1,2,-1,-1,-1,2]"
904,0.000969341,0.63276947,53,K53,32,-0.140179856,2|3|8,"[-1,-1,2,2,-1,-1,-1,-1,2]"
905,-0.001023299,0.000730948,11,K11,256,0.241969979,0|2|7,"[2,-1,2,-1,-1,-1,-1,2,-1]"
906,-8.89E-05,0.47170597,75,K75,16,0.540541426,4|5|7,"[-1,-1,-1,-1,2,2,-1,2,-1]"
907,0.001602394,0.7450067,12,K12,16,-0.045369167,0|2|8,"[2,-1,2,-1,-1,-1,-1,-1,2]"
908,0.003521606,0.022221893,35,K35,64,-0.243301549,1|3|5,"[-1,2,-1,2,-1,2,-1,-1,-1]"
909,1.81E-05,0.6052386,7,K07,8,0.033676787,0|2|3,"[2,-1,2,2,-1,-1,-1,-1,-1]"
910,-0.000512042,0.6548043,43,K43,2,0.033860063,1|5|6,"[-1,2,-1,-1,-1,2,2,-1,-1]"
911,-0.000386815,0.4365989,26,K26,64,0.160250856,0|6|8,"[2,-1,-1,-1,-1,-1,2,-1,2]"
912,0.000155772,0.59404904,12,K12,32,-0.383100672,0|2|8,"[2,-1,2,-1,-1,-1,-1,-1,2]"
913,0.001994707,0.12001356,1,K01,256,0.249905215,0|1|3,"[2,2,-1,2,-1,-1,-1,-1,-1]"
914,6.35E-05,0.49968374,60,K60,16,0.069746633,2|5|8,"[-1,-1,2,-1,-1,2,-1,-1,2]"
915,0.006383903,0.862352,42,K42,64,-0.070421476,1|4|8,"[-1,2,-1,-1,2,-1,-1,-1,2]"
916,-0.000501038,0.3792005,14,K14,16,-0.29653449,0|3|5,"[2,-1,-1,2,-1,2,-1,-1,-1]"
917,0.001089146,0.6846254,28,K28,2,0.051334292,1|2|3,"[-1,2,2,2,-1,-1,-1,-1,-1]"
918,0.00023272,0.003151071,50,K50,2,0.263495181,2|3|5,"[-1,-1,2,2,-1,2,-1,-1,-1]"
919,-0.000578176,0.38313434,8,K08,8,0.114840891,0|2|4,"[2,-1,2,-1,2,-1,-1,-1,-1]"
920,0.000925056,0.64946026,4,K04,2,0.113519923,0|1|6,"[2,2,-1,-1,-1,-1,2,-1,-1]"
921,0.003053568,0.2143647,70,K70,4,0.012734076,3|5|8,"[-1,-1,-1,2,-1,2,-1,-1,2]"
922,-8.47E-05,0.5847114,13,K13,256,0.069228394,0|3|4,"[2,-1,-1,2,2,-1,-1,-1,-1]"
923,0.000223334,0.6142293,5,K05,48,-0.333824092,0|1|7,"[2,2,-1,-1,-1,-1,-1,2,-1]"
